area_mean,area_se,area_worst,concavity_se,fractal_dimension_mean,perimeter_mean,perimeter_worst,radius_mean,radius_worst,smoothness_mean,smoothness_worst,symmetry_worst,texture_mean,texture_worst
870,37.1,654,0.0691,0.0435,106,99.4,16.2,14.4,0.0853,0.132,0.265,19.4,16.4
915,51.3,1.47E+03,-0.00469,0.0716,112,144,17.4,21.8,0.107,0.124,0.238,19.7,24.4
531,69.4,204,0.0314,0.0661,81.8,58.8,12.8,9.06,0.123,0.074,0.218,23.2,24.7
-3.83,113,1.43E+03,0.0616,0.0619,45.6,129,7.3,20.2,0.0993,0.117,0.209,23.7,21.6
707,96.6,923,0.0147,0.057,94,107,14.1,17.3,0.0876,0.139,0.279,16.7,29.7
-81.4,44.4,1.40E+03,-0.0147,0.0716,50.8,131,7.89,20.6,0.0841,0.135,0.246,20,23.9
845,-34.1,-176,0.0852,0.068,97.2,37.9,15.1,5.82,0.0945,0.117,0.29,17.3,29.2
655,130,1.36E+03,0.0369,0.0635,90.2,119,13.5,19,0.103,0.0821,0.267,20.8,39.9
822,20.2,1.83E+03,0.0427,0.0674,101,163,15.8,24.1,0.0759,0.158,0.428,13.6,32.8
656,87.9,1.38E+03,0.0311,0.0655,89.9,145,13.6,21.2,0.0998,0.131,0.262,18.5,26.8
677,-0.639,648,0.00516,0.0447,97.7,108,14.9,15.9,0.0788,0.119,0.267,22.2,34
1.38E+03,44.4,477,0.0395,0.0707,141,81.4,21.3,13.1,0.108,0.101,0.369,28,28.4
949,79.8,1.61E+03,0.0305,0.0653,111,150,16.6,22,0.0829,0.0937,0.35,14.5,25
641,135,2.23E+03,0.0299,0.056,90.1,177,14,27,0.107,0.171,0.22,20.2,35.9
1.37E+03,146,1.61E+03,0.0183,0.0589,138,147,20.5,22.3,0.0936,0.13,0.388,20.1,40.8
803,-41.7,-782,0.0193,0.0674,99.9,10.4,15,2.36,0.1,0.141,0.281,20.8,23.5
1.43E+03,67.3,1.68E+03,0.0875,0.0684,146,156,22,23.6,0.112,0.128,0.375,15.7,27.8
468,82.8,753,0.0329,0.0661,78.8,110,11.6,15.9,0.0694,0.127,0.247,17.8,10.4
868,-8.07,556,0.0197,0.0639,113,99.1,16.9,15,0.0738,0.14,0.383,19.1,21.7
543,24.8,376,0.00252,0.0631,83.4,67.6,12.8,11,0.0931,0.113,0.229,25.2,32.5
1.25E+03,63.3,1.07E+03,0.0629,0.0622,129,103,19.3,15.7,0.118,0.138,0.255,25.9,37.4
952,-44.7,-420,0.0364,0.0574,112,33.1,17.3,5.55,0.116,0.133,0.218,15.2,23.6
367,138,1.88E+03,0.0255,0.0705,72,164,11,24.3,0.108,0.114,0.44,25.6,23.6
942,136,1.51E+03,0.0311,0.0761,108,152,16.2,23.1,0.123,0.143,0.309,18.1,41.3
473,82.6,1.16E+03,0.0805,0.0629,77.3,125,12.1,18.9,0.0999,0.122,0.329,22.2,23.3
643,-3.32,560,0.0244,0.0662,94.2,79.8,14.2,13,0.084,0.168,0.155,21.5,27.9
977,93.8,900,0.06,0.0483,112,105,17.2,15.4,0.11,0.108,0.177,24.6,30.2
1.21E+03,27.4,360,0.0499,0.0683,132,82.8,19.6,12,0.118,0.146,0.391,16.2,27.2
33.6,60.5,1.18E+03,0.024,0.0763,50.8,135,8.04,19.4,0.0778,0.115,0.331,14.3,30
456,119,1.55E+03,0.0684,0.061,81.9,144,12.3,21.5,0.111,0.114,0.333,16.9,19.7
617,6.71,986,-0.0177,0.0672,96,110,14.5,15.7,0.106,0.12,0.322,20.2,25.5
550,108,1.26E+03,0.0887,0.0717,83.5,128,13.2,19,0.106,0.107,0.248,28,28.4
613,32,1.60E+03,0.108,0.069,90,150,14,21.3,0.0971,0.158,0.214,24.1,23.7
548,85.4,1.32E+03,0.0515,0.0681,77.7,121,12,18.7,0.097,0.157,0.338,25.6,26.4
1.02E+03,44.8,871,0.0365,0.0731,114,115,17.4,16.7,0.0974,0.155,0.254,25.8,34.8
93.8,160,848,0.0593,0.0568,46.8,97.4,7.62,15.7,0.123,0.101,0.285,25.2,19.2
838,41.7,1.14E+03,0.00452,0.0558,105,125,15.9,18.4,0.0694,0.141,0.377,20.7,23.7
525,126,996,0.0683,0.0515,78,120,12.2,17.7,0.114,0.122,0.258,19.4,13.5
528,34.3,504,-0.00238,0.0611,87.7,83.4,13.6,13.3,0.0952,0.0861,0.329,25.9,19.7
244,94,597,0.0374,0.0621,60.7,87.9,9.19,14.1,0.0987,0.154,0.268,16.2,21.3
313,-57.6,-185,0.000507,0.0741,66.7,47.4,10.5,6.66,0.108,0.153,0.188,19.1,23.7
1.02E+03,51.6,1.40E+03,0.00646,0.0657,119,140,18.1,20.8,0.0851,0.108,0.362,26.4,21.9
589,141,1.47E+03,0.0215,0.0601,87.7,139,13.2,21.1,0.077,0.0944,0.279,18.1,20
997,83.6,1.03E+03,0.0133,0.0618,108,114,16.4,16.8,0.0918,0.118,0.343,27.6,17.6
796,-77.9,473,0.0375,0.0691,107,78.8,16.5,12.3,0.097,0.155,0.335,4.98,19.6
1.05E+03,-26.1,924,0.0252,0.0678,119,115,18,16.8,0.0891,0.152,0.35,13.1,19.3
760,-6.01,298,0.00921,0.0711,99.7,72.4,15,11,0.0759,0.121,0.283,28.9,31.9
1.14E+03,49.1,751,0.0683,0.0749,126,98.5,18.7,15.6,0.102,0.0929,0.253,19.9,29.5
374,82.5,975,0.0363,0.0542,71.6,112,11.2,18.1,0.107,0.162,0.427,20,20.7
678,104,1.72E+03,0.0461,0.0706,95.9,150,14.7,22.9,0.101,0.14,0.271,26.4,24.3
979,33.4,701,0.0462,0.068,111,106,16.8,15.9,0.077,0.133,0.288,26,14.8
1.12E+03,35.1,1.11E+03,0.0014,0.0598,115,115,17.8,17,0.0924,0.153,0.32,15.9,22.4
1.39E+03,38.5,250,0.0489,0.0642,134,82.1,20.7,12.1,0.108,0.15,0.19,20.7,19.7
513,-8.14,765,-0.0103,0.0528,85,90.4,13.1,13.6,0.0855,0.114,0.313,15.3,26.9
660,105,1.10E+03,0.0147,0.0619,85.1,120,13,18.7,0.0878,0.123,0.299,20.8,34
820,51.7,597,0.0344,0.0638,99.5,87.6,15.1,13.6,0.104,0.115,0.354,18.1,27.8
658,115,1.13E+03,-0.00259,0.0636,91.9,121,14,18.5,0.0973,0.122,0.274,23.4,18.8
1.07E+03,74.2,1.14E+03,0.107,0.0658,117,132,17.8,19.9,0.0999,0.177,0.348,23.1,19.1
284,7.69,651,0.0366,0.0581,65.8,85.3,10.2,12.9,0.111,0.141,0.339,13.8,27.9
1.04E+03,32.6,777,0.0502,0.0605,113,117,17.5,16.9,0.0914,0.191,0.191,18.1,24.3
785,58.1,1.68E+03,0.0765,0.0531,106,160,16.2,23.9,0.106,0.166,0.296,14.4,22.3
320,16.7,1.02E+03,0.0489,0.0745,66.5,124,10.6,18.2,0.0827,0.141,0.32,17.8,24.3
597,-14.3,162,0.0316,0.0562,85.5,55.8,13.2,8.94,0.113,0.121,0.311,16.4,30.7
801,-37.6,767,0.0602,0.0737,99.6,96.7,15.3,14,0.112,0.146,0.431,21.1,23.6
141,75.7,1.07E+03,0.0209,0.0574,58.5,130,9.36,18.5,0.121,0.155,0.399,20.2,20
633,43.6,931,0.0195,0.0689,83.7,95.9,13.2,15.7,0.0883,0.125,0.329,19.3,22
971,103,1.56E+03,0.0196,0.063,109,138,16.5,20.8,0.0894,0.141,0.342,19.2,22.9
573,73.8,1.18E+03,0.0353,0.0649,81,125,12.9,18.9,0.0984,0.11,0.264,18.5,28.1
690,-36.3,-41.2,0.00265,0.0686,101,50.1,15.3,8.05,0.113,0.0943,0.265,20.2,24.1
450,90.2,1.54E+03,0.0618,0.0698,82.4,156,12.6,23.3,0.108,0.0927,0.296,18.6,31.7
739,60.3,856,0.00428,0.0579,95.3,94.8,14.5,15.5,0.116,0.131,0.332,22.6,34.9
211,-25.4,317,-0.00725,0.0523,70.7,69.6,10.9,11,0.118,0.1,0.338,22.1,26.1
1.28E+03,38.8,418,0.00621,0.0605,138,77.1,20.7,11.5,0.114,0.121,0.258,26.7,29.2
714,61.1,641,0.00772,0.0581,87.8,95.6,13.6,15.3,0.0694,0.137,0.206,26.5,27
789,13.1,34.2,0.0233,0.0622,102,62.5,15.2,9.74,0.0815,0.144,0.266,25.4,32.9
530,-38.3,39,0.00134,0.0784,77.1,59.2,12.3,9.47,0.0948,0.134,0.259,24.4,32
659,42.3,969,0.0706,0.0594,90.3,107,13.8,16.2,0.0952,0.13,0.197,23,36
196,84.3,1.15E+03,0.0455,0.0595,62.6,116,9.88,17.9,0.0994,0.109,0.249,24.1,16.6
659,96.4,637,0.0366,0.0704,88.8,94.3,13.5,14.5,0.0976,0.106,0.279,21.7,12.5
945,32.2,308,0.0188,0.0419,109,80,17.1,12.4,0.107,0.0879,0.192,17.6,25.8
574,115,1.18E+03,0.048,0.0594,92,136,13.5,20.1,0.0993,0.127,0.368,17.9,26
518,103,598,0.0468,0.0632,82.4,94.8,12.6,15,0.117,0.104,0.281,22.1,32.5
763,12.6,696,-0.0287,0.0764,100,106,15.7,15.9,0.0897,0.135,0.392,15.9,20.2
859,78.3,1.88E+03,0.0444,0.0484,113,161,17.1,23.9,0.0931,0.137,0.197,18.4,29
702,52.2,451,0.0325,0.058,97.8,86.8,14.4,13,0.123,0.117,0.333,21.3,29
193,149,1.42E+03,0.00986,0.0836,56.5,148,8.87,21.9,0.112,0.14,0.242,16.4,20.3
945,31.5,1.24E+03,-0.0281,0.0737,115,129,17.7,20.2,0.0983,0.1,0.226,9,22.8
796,56.2,694,0.0597,0.0654,96.1,107,14.7,15.4,0.104,0.152,0.33,14.6,30.7
157,59.2,1.19E+03,0.0368,0.0611,56.3,128,8.92,18.6,0.0799,0.132,0.275,14.8,18.5
511,-5.11,-92.8,0.0535,0.0602,81.4,55.5,12.1,8.47,0.0911,0.142,0.218,21.6,30.9
731,-49.6,321,0.0343,0.0683,102,68.2,15.9,10.3,0.114,0.108,0.225,15.2,20.5
397,10.5,612,-0.0372,0.0544,81.9,92.9,12.5,14.8,0.109,0.117,0.265,16.8,36.9
105,-5.45,841,0.0353,0.0594,53.6,109,8.87,16.5,0.0959,0.133,0.229,20.5,28.5
416,140,1.93E+03,0.0282,0.0709,68.7,156,10.8,23.6,0.101,0.153,0.393,23.8,26
560,-12.8,213,0.0235,0.0581,86.8,58.9,13.3,8.95,0.106,0.132,0.164,27,26.5
748,98.2,454,0.0203,0.0598,94.7,83.9,14.4,12.4,0.117,0.0933,0.16,23.8,22
846,37.9,1.17E+03,0.0368,0.0617,103,111,15.6,16.6,0.0944,0.119,0.374,18.9,34.1
765,88,2.13E+03,0.0472,0.0596,99.3,189,15.6,28.3,0.0827,0.11,0.265,19.9,30.4
909,63,1.23E+03,0.000175,0.067,110,131,16.7,19.6,0.0994,0.123,0.216,12,19.2
576,42.9,1.04E+03,0.0511,0.0678,86.4,114,13.3,16.9,0.091,0.108,0.29,20.1,28
1.34E+03,-3.55,430,0.0659,0.0668,145,75.4,21.5,12.1,0.0954,0.151,0.415,24.6,24.8
946,-56.5,623,0.0392,0.0662,115,85.1,17.6,13.5,0.067,0.174,0.406,15.5,29.7
464,-22.9,162,0.0293,0.0583,80.8,62.7,12.4,9.8,0.105,0.139,0.333,18.2,23.7
623,-3.72,869,0.0793,0.0603,92.5,99.3,14,15.3,0.0694,0.144,0.27,13.1,25.4
713,124,2.12E+03,0.0681,0.0638,94.7,179,14.8,26.5,0.128,0.153,0.271,20.6,22.2
503,98.3,1.22E+03,-0.0142,0.0577,86.9,122,13.2,18.7,0.0966,0.0822,0.372,15,26.2
1.23E+03,13.6,937,0.0782,0.0725,132,103,20.3,15.9,0.116,0.15,0.296,23.6,33.1
903,137,1.41E+03,0.0529,0.0682,106,137,15.9,20.4,0.113,0.113,0.35,16.7,19.6
791,78.2,1.18E+03,0.0263,0.0644,96.7,128,15.1,18.5,0.105,0.13,0.216,20.8,37
559,-29.7,192,0.0258,0.0717,79.9,61.5,12.6,10,0.1,0.165,0.248,15.8,22.5
927,178,1.28E+03,0.0177,0.0537,103,128,15.5,19.2,0.138,0.116,0.344,24.6,17.4
405,60.1,1.26E+03,0.0644,0.0589,74,142,11.8,20.4,0.112,0.129,0.224,26.7,29.3
347,18.8,648,0.0512,0.062,73.1,87.6,11.3,14.2,0.0961,0.116,0.341,22.5,22.2
-35.7,91.3,1.33E+03,0.0503,0.0555,42.1,134,6.9,19.9,0.0661,0.121,0.27,26.2,23
475,-29.3,676,0.0682,0.0655,87.3,99,13.3,15.3,0.0782,0.153,0.359,19.9,26.2
628,90.1,1.47E+03,0.0387,0.0623,93.4,133,14.3,20.6,0.105,0.108,0.348,17.2,24
579,78.8,1.28E+03,0.0171,0.0689,84.6,121,13.1,19.2,0.079,0.109,0.168,20.1,26.8
457,73.5,1.54E+03,0.0237,0.0725,83.8,154,12.4,22.7,0.101,0.105,0.258,12.7,33.4
408,65.8,1.05E+03,0.0192,0.0631,74.5,120,12,18.1,0.122,0.127,0.193,16.9,31.2
742,180,2.00E+03,0.0507,0.0684,90.6,187,14.1,28.1,0.0991,0.0987,0.207,22.3,22.5
-117,71.8,1.31E+03,0.00529,0.0577,42.1,137,6.77,20.1,0.103,0.106,0.351,20.2,31.9
591,37.1,1.04E+03,0.058,0.0484,84.6,128,13.2,18.5,0.105,0.15,0.296,17.1,28.6
580,64.9,621,0.0383,0.0544,87.6,94.2,13.3,14.9,0.0938,0.114,0.339,20.7,24
1.04E+03,131,1.89E+03,-0.025,0.0598,110,172,16.9,26.1,0.111,0.14,0.345,16.4,20.2
107,30.2,912,0.0189,0.0648,52.2,107,8.51,16.5,0.0969,0.152,0.322,11,34.7
1.09E+03,30.6,956,0.0299,0.066,119,117,18.3,17.9,0.103,0.12,0.297,15.2,27
788,76,1.10E+03,0.00221,0.0621,97,106,14.9,16.8,0.099,0.136,0.301,15.5,35.4
1.16E+03,99.2,1.91E+03,0.0261,0.0579,133,175,20.1,27,0.0916,0.0796,0.377,12.3,19.3
950,29.8,503,0.0502,0.0646,114,71.4,17,11.2,0.129,0.124,0.37,23.4,22.3
893,81.5,1.44E+03,0.0186,0.0598,106,135,16.2,20.4,0.0825,0.128,0.304,20.8,26
726,-26.7,540,0.0604,0.0613,97,89.1,14.9,13.5,0.0986,0.147,0.317,16.6,33
1.37E+03,94.6,907,0.00774,0.0595,139,112,20.7,16.9,0.103,0.0885,0.287,19.8,34.3
76.4,47.5,1.31E+03,0.0312,0.0656,50.2,119,8.09,17.8,0.0992,0.121,0.37,11.1,38.1
1.01E+03,-106,-445,0.0359,0.044,120,25.1,18.3,4.31,0.0854,0.145,0.284,21.1,26.9
249,95.2,1.66E+03,0.0171,0.0738,63.1,160,9.91,24,0.105,0.161,0.328,25.9,28.4
441,71.8,849,0.0388,0.0528,79.4,113,12.5,17.3,0.0932,0.0876,0.319,15.8,23.9
703,46.4,784,-0.00456,0.0606,92.8,105,14.4,16.4,0.0822,0.159,0.171,22.1,16.7
649,32.9,658,-0.00178,0.0681,87.5,93.8,13.8,14.8,0.108,0.135,0.36,19.6,29.3
429,129,1.39E+03,0.0869,0.0546,73.8,137,11.2,21.2,0.0816,0.129,0.302,21.2,18.3
478,10.2,478,-0.0316,0.0663,81.5,82.1,12.7,12.5,0.11,0.135,0.331,19,26
864,39.1,727,0.0756,0.0645,101,89.5,15.7,14.9,0.125,0.159,0.297,19.3,22.7
667,75.6,1.48E+03,0.0794,0.0628,87.6,139,13.5,21.4,0.0768,0.121,0.297,19.5,29.7
948,-5.51,545,0.0244,0.0521,116,94.6,18,14,0.0766,0.101,0.333,20.5,30.5
534,87.4,1.06E+03,-0.00691,0.0675,78.7,130,12.2,18.9,0.0856,0.108,0.217,18.7,14.9
941,81.8,1.38E+03,0.00847,0.06,116,137,17.3,21.3,0.114,0.117,0.391,14.9,21.5
831,15.3,868,0.0751,0.0666,101,111,15.8,16.3,0.109,0.116,0.328,12,29.6
841,179,2.31E+03,0.00771,0.0588,98.9,192,15.1,28,0.091,0.104,0.282,14.8,42.2
756,-18.1,228,0.0352,0.0512,102,65.4,15.6,9.95,0.0921,0.139,0.314,18.3,21.1
170,58.4,1.26E+03,0.000818,0.06,65.4,131,10,19.2,0.079,0.0773,0.303,9.69,27.5
241,-0.81,1.08E+03,0.0154,0.0682,61.3,105,9.9,16.1,0.0868,0.127,0.305,14.1,25.5
446,79.7,1.27E+03,0.0719,0.0506,78.7,128,12.2,19.2,0.0936,0.127,0.311,23.6,31.6
492,53,1.18E+03,0.0532,0.0616,78.5,122,12.4,18.4,0.0928,0.165,0.316,20.1,22.5
297,70.9,1.03E+03,0.0604,0.0679,65.9,119,10.2,17.3,0.0764,0.126,0.316,17.1,17.8
857,74.1,1.56E+03,0.0629,0.0618,107,142,16.4,21.2,0.0956,0.118,0.352,25,33.4
514,64,1.22E+03,0.0422,0.0621,84.8,140,13.1,21.3,0.0933,0.105,0.257,16.1,16.3
599,23.1,831,0.0486,0.0597,88.7,114,13.5,17,0.0884,0.105,0.311,20.4,32.3
706,-62.4,-302,0.0566,0.0568,94.8,38.9,14.8,6.6,0.0734,0.106,0.301,19,19.8
935,-43,145,0.0227,0.0505,112,59.5,17.3,9.06,0.0976,0.14,0.29,17.7,33.3
479,117,1.92E+03,0.0481,0.0663,78.7,177,12.2,25.7,0.113,0.149,0.21,18.7,28.7
882,16.1,809,0.0719,0.0609,112,97.8,17.5,15,0.121,0.0884,0.406,18.6,24
779,69.8,623,0.0455,0.0513,100,90.6,15.6,13.2,0.121,0.105,0.235,25.2,30.6
708,91.1,1.75E+03,0.0357,0.0503,101,149,15.2,22.9,0.0858,0.119,0.326,20.2,21
360,52.5,1.24E+03,0.0236,0.0623,68.3,117,11,18.5,0.13,0.139,0.289,22,25.7
631,115,1.55E+03,0.0117,0.0668,89.4,145,13.8,22.2,0.123,0.147,0.219,19.1,22.9
-43.3,88.5,1.11E+03,0.0406,0.0614,39.4,123,6.6,19.2,0.106,0.133,0.294,23,17.1
740,57.6,933,0.0451,0.0599,94,103,14.7,15.7,0.141,0.17,0.289,15.6,17
921,140,2.01E+03,0.0465,0.0667,109,174,16.5,26,0.0936,0.126,0.321,16.8,28.5
876,91,1.75E+03,0.0558,0.0724,104,149,16.1,22.8,0.0908,0.156,0.219,20,40.8
861,26.3,1.54E+03,0.0578,0.0639,108,133,16.5,21.4,0.0835,0.129,0.322,22.1,30.8
1.09E+03,-54.9,331,0.0143,0.0609,119,75.6,18.3,10.6,0.094,0.168,0.433,15.7,31.7
233,21.2,356,0.0211,0.0612,64.3,71,9.89,11.4,0.0999,0.124,0.315,20.5,25.2
556,104,951,0.0202,0.062,79.4,119,11.8,18,0.0778,0.15,0.3,22,29.8
713,67.5,862,0.0641,0.0569,94.8,119,14.5,17.1,0.111,0.168,0.316,22.8,22.6
952,57.1,843,0.00191,0.067,113,111,17,16.3,0.0914,0.129,0.381,27.4,22.7
787,9.59,702,0.0412,0.0704,99.5,88.8,15.1,13.7,0.103,0.134,0.299,12.7,27.8
91.7,3.57,774,-0.028,0.0608,56.8,104,9.17,15.6,0.0994,0.151,0.214,16.7,23.1
1.00E+03,9.11,502,0.0375,0.0668,116,88.6,17.6,13.4,0.0903,0.166,0.327,13.9,26.2
194,-51,-624,-0.00297,0.0661,58.9,23.3,9.37,3.76,0.101,0.113,0.379,16,20.5
714,28.2,1.09E+03,0.003,0.0593,94.9,118,14.6,17.3,0.0866,0.154,0.394,14.5,21
427,81.6,1.45E+03,0.0442,0.0545,72.1,139,11.3,20.4,0.0963,0.114,0.302,17.1,26.9
254,98.6,1.10E+03,0.0329,0.0528,61.6,112,9.74,17.4,0.0861,0.127,0.178,16.8,24.4
868,97.5,1.63E+03,0.0523,0.0725,104,156,15.9,22.8,0.111,0.111,0.321,20.3,20.5
798,34.7,1.28E+03,0.0219,0.0606,99.3,130,15.6,19.9,0.0785,0.167,0.29,17.6,20.6
480,59.4,622,0.0218,0.0667,77.3,91.8,11.6,13.4,0.0992,0.119,0.401,22.1,28.9
890,-6.15,895,-0.0372,0.0709,112,99.6,17.3,15.1,0.107,0.138,0.297,17.8,22.9
19.3,41.9,1.08E+03,-0.00758,0.0682,48.3,108,8.01,17.2,0.135,0.16,0.249,16.5,27
1.03E+03,-23.9,668,0.0371,0.0721,124,96.3,18.5,14.5,0.0956,0.142,0.163,19.7,32.7
1.11E+03,-58.4,-117,0.0238,0.0739,133,53.3,20.1,8.7,0.0725,0.122,0.274,26.8,24.9
788,38.6,1.19E+03,0.0619,0.0632,103,135,15.8,19.9,0.112,0.158,0.354,25.9,27.7
263,-16.5,-18,0.0476,0.0572,66,52.1,10.5,8.79,0.093,0.153,0.281,22.8,28
584,120,2.14E+03,-0.0163,0.0621,85.7,179,13,27.7,0.0878,0.122,0.314,12,29.2
928,159,1.75E+03,0.103,0.06,110,166,16.9,24.9,0.126,0.131,0.314,24.5,14
966,-18.2,271,0.0486,0.0655,111,92.6,17.3,13.6,0.0908,0.147,0.323,22.1,22.1
963,64.2,1.09E+03,0.0202,0.0721,110,116,16.6,18.1,0.0922,0.135,0.266,19.7,17.6
191,123,1.48E+03,0.0262,0.0693,60.1,143,9.25,21.7,0.0971,0.113,0.39,19,26.8
1.12E+03,21.2,1.03E+03,0.0707,0.0627,117,105,18.4,16.9,0.0724,0.153,0.332,17.4,18.7
-30.1,11.4,459,0.0138,0.0631,47.7,80.7,7.48,12,0.115,0.12,0.186,17.3,19.5
281,48.6,859,0.0331,0.0577,67.1,108,10.6,15.9,0.0776,0.153,0.275,22.5,20.9
685,85.9,1.79E+03,0.0992,0.0718,94.9,154,14.4,23.3,0.103,0.148,0.288,22.5,32.2
167,-15.9,370,0.0464,0.0701,56.4,79.8,9.23,12.5,0.1,0.145,0.214,22.6,35.3
1.54E+03,5.81,1.08E+03,0.0357,0.0566,158,125,23.5,17.8,0.0825,0.138,0.243,15.9,25.1
1.50E+03,62.2,1.47E+03,0.0195,0.059,154,153,22.7,22.5,0.0858,0.191,0.263,18.4,20.8
584,125,950,0.0452,0.0664,81,115,12.5,17.3,0.113,0.139,0.315,13.5,19.7
909,12.7,574,0.079,0.077,106,88.8,16.2,12.8,0.0752,0.154,0.278,17.5,16.3
1.12E+03,-31,358,0.0552,0.0596,127,66.3,19.3,11,0.0997,0.134,0.33,20.1,35.4
7.05,46.2,788,0.0416,0.066,49.7,98.7,7.87,15.5,0.0898,0.125,0.263,16.9,33.4
591,4.36,-159,0.0328,0.0547,82.9,53.1,12.9,7.99,0.0781,0.0943,0.27,25.3,24.6
1.04E+03,-12.7,-118,-0.00121,0.0699,120,58.5,18.2,8.92,0.0748,0.118,0.264,17.9,18.7
488,106,1.68E+03,-0.00473,0.0584,82.4,150,12.6,22.2,0.102,0.122,0.274,25.4,35
564,21.1,22.3,0.0549,0.0639,79.3,67.7,12.1,10.6,0.0953,0.182,0.366,22.6,19.9
735,40.8,686,0.0331,0.0584,97.1,82.2,14.7,12.7,0.0979,0.138,0.224,23.7,19.1
589,74,2.07E+03,0.0294,0.0668,89,175,13.6,25.4,0.0911,0.126,0.386,13.5,37.7
944,-9.44,729,0.0289,0.0676,119,94.8,18,14.8,0.0846,0.128,0.25,17.5,25.4
432,63.3,712,0.0163,0.0673,71.2,98.7,11.6,14.9,0.0933,0.11,0.202,23.3,23.1
315,-44.2,-1.10E+03,0.0608,0.0557,65.8,-11.6,10.3,-0.867,0.104,0.134,0.349,24.5,26.7
530,16.7,2.31E+03,0.0465,0.0642,91.1,176,13.9,25.9,0.0965,0.133,0.334,8.77,29.8
359,33.6,604,0.0517,0.0584,70.2,99.1,11,14.7,0.0896,0.143,0.226,13.9,24.6
836,-86.5,-1.09E+03,0.0254,0.0485,100,-4.86,15.9,-0.242,0.1,0.115,0.248,28.5,33.6
436,54.5,591,0.0061,0.0553,70.7,86.7,11.1,13.2,0.0818,0.134,0.259,15.2,26.3
-4.42,104,1.03E+03,0.0225,0.0734,42.1,118,6.8,18.6,0.0962,0.0894,0.258,14.2,35.3
1.29E+03,76.3,1.83E+03,0.017,0.0524,135,165,20.4,24.5,0.0876,0.115,0.305,21.4,20.6
1.08E+03,17.3,506,0.0347,0.0686,119,85.5,17.9,13.2,0.0869,0.127,0.196,20.9,33.6
1.08E+03,-5.53,114,0.0286,0.0691,118,63.9,17.6,9.96,0.13,0.147,0.322,21.2,35.3
983,63.6,1.07E+03,0.044,0.0531,118,116,17.7,18.4,0.0958,0.144,0.314,22.6,17
1.20E+03,90,1.28E+03,0.0242,0.0715,130,122,19.9,19.3,0.119,0.107,0.275,27.4,20.4
1.25E+03,79,345,0.0479,0.0607,132,69.4,19.6,11.5,0.106,0.0783,0.343,17,18
398,13.8,564,0.0529,0.0705,76.3,75.3,11.4,13,0.0922,0.136,0.349,25,22.1
709,49.2,1.21E+03,0.0139,0.0574,96.2,118,14.8,18,0.121,0.131,0.363,20.5,25.7
952,-41,853,0.0644,0.0719,117,110,17.8,16.7,0.0536,0.125,0.28,16.7,33.5
1.60E+03,35.1,1.43E+03,0.0881,0.0589,156,133,23.8,20.3,0.11,0.132,0.27,19.8,18.4
494,96.6,1.81E+03,0.054,0.0725,76.8,148,12,22.1,0.098,0.143,0.472,16.6,23
650,-12.1,-82.3,-0.00745,0.0592,90.7,53.3,13.7,8.33,0.102,0.153,0.208,15.6,1.43
906,63.8,1.14E+03,-0.0431,0.049,110,129,16.5,19.3,0.106,0.162,0.266,19.6,21.8
130,60.9,440,0.0376,0.0564,53.4,82.7,8.18,12.6,0.098,0.15,0.24,17.7,26.8
607,29.3,903,0.0333,0.0623,87.2,108,13.6,16.7,0.0853,0.128,0.213,18.6,27.7
54.9,-11.9,456,0.00938,0.0514,56,75.1,8.74,12.1,0.104,0.168,0.224,11.3,29.7
1.00E+03,-32,606,0.0315,0.066,121,96,18.3,13.7,0.102,0.121,0.287,19.8,27.3
1.22E+03,-81.2,-490,0.00628,0.0541,129,31.7,19.5,4.46,0.109,0.177,0.304,21.9,25.7
-101,199,2.63E+03,0.0185,0.0503,34,217,5.54,31.2,0.0914,0.129,0.285,16.8,33.6
882,20.5,540,-0.00233,0.0649,102,78.7,15.7,13,0.0979,0.133,0.188,18.6,32.9
595,14.8,1.04E+03,-0.0137,0.0792,86.1,111,13.4,16.6,0.105,0.156,0.275,19.8,33
518,92.9,1.65E+03,0.0434,0.0564,87.8,159,13.4,24,0.124,0.158,0.255,17,14.4
306,36.8,999,0.0305,0.0606,66.2,132,10.6,18.4,0.11,0.123,0.28,16.2,48.3
466,-18.7,566,0.0118,0.0567,78.9,89,12.6,13.4,0.119,0.129,0.238,18.3,29.2
1.00E+03,34.2,763,0.0345,0.0636,114,97.7,17.4,15.9,0.0755,0.12,0.327,14.6,24.8
847,32.1,849,0.0435,0.0707,99.8,109,15.2,16.3,0.0919,0.133,0.275,15.6,23.7
952,81.1,622,0.0959,0.0604,109,101,16.6,15.3,0.0961,0.108,0.217,17.3,26.8
436,-12.7,104,0.0419,0.0646,76.3,53,11.7,9.23,0.0693,0.136,0.291,18.2,31.7
906,111,1.66E+03,0.039,0.0719,110,154,16.6,22.7,0.0996,0.107,0.289,19.8,24.3
523,150,1.66E+03,0.0266,0.05,77.5,152,12,22.5,0.106,0.126,0.312,21.4,33.3
657,8.33,380,0.0729,0.0556,95.1,71.4,14.2,10.8,0.0992,0.149,0.294,19.6,21.3
271,97.9,1.59E+03,0.0447,0.0607,65,144,10.3,22.7,0.11,0.144,0.292,24.9,38.4
957,-29.4,372,0.00266,0.0614,114,80.4,17.3,12.7,0.0859,0.153,0.231,14.9,25.3
1.13E+03,131,1.54E+03,0.0125,0.0642,123,155,18.5,23.8,0.101,0.189,0.197,21.4,28.8
238,72.3,1.26E+03,0.00199,0.0554,63,134,9.68,19.7,0.0796,0.143,0.313,17,26.9
1.17E+03,110,1.36E+03,0.0133,0.0646,126,139,19,21.6,0.0718,0.117,0.325,20.7,27.9
1.38E+03,88.9,2.20E+03,-0.00999,0.0644,142,174,21.7,26.7,0.119,0.12,0.43,14.9,32
576,35.5,443,0.0453,0.0654,83.8,76.1,13.2,11.8,0.139,0.133,0.301,24.8,35.6
828,26,85.5,0.0258,0.0739,96.2,79.5,15,12,0.105,0.157,0.396,20.1,24.2
448,64.3,1.24E+03,0.0229,0.0726,80,119,12.3,18,0.0749,0.105,0.359,23.6,28.9
721,104,1.20E+03,0.0175,0.054,86.8,133,13.5,19.5,0.111,0.175,0.272,9.47,26.4
1.02E+03,79.7,781,0.0309,0.0688,116,104,17.7,15.9,0.102,0.09,0.257,21.4,24.4
201,-4.39,650,-0.00225,0.0698,64.7,98.3,9.97,15.1,0.0828,0.138,0.311,8.96,27.7
497,22.5,313,0.00417,0.0591,74.1,70.6,11.5,10.6,0.0974,0.137,0.2,12.5,27.8
940,62.3,1.40E+03,0.0585,0.0745,111,130,17,20,0.102,0.169,0.304,25.1,22.5
866,75,321,-0.0376,0.054,100,71.7,15.3,11.4,0.101,0.113,0.306,22.6,23.7
1.40E+03,105,1.98E+03,0.0803,0.0691,144,173,21.1,24.6,0.0897,0.17,0.331,16.2,7.9
946,73,889,0.0701,0.0604,107,117,16.2,17.7,0.0918,0.161,0.238,23.2,40.3
296,-30.3,372,0.0818,0.0527,73,68.7,11.1,10.9,0.0942,0.102,0.297,15.7,33.1
395,122,1.74E+03,0.0918,0.0698,73.2,167,11.3,24.5,0.0952,0.125,0.247,17.8,17.2
209,-37.1,464,0.0148,0.0635,63.1,102,10.6,14.2,0.0684,0.0809,0.275,23.2,28.2
255,127,1.72E+03,0.0222,0.0637,62,151,9.65,22,0.113,0.148,0.37,18.2,23.3
268,-12.9,252,0.106,0.0634,64.4,88.7,10.2,13.4,0.0895,0.159,0.262,21.7,22.4
312,31.2,1.25E+03,0.0691,0.0608,75,115,11.6,17.6,0.098,0.147,0.294,20.3,24.3
2.01E+03,-9.24,37.4,0.0131,0.0677,184,56.7,27.7,10.1,0.106,0.115,0.253,21.1,29.1
266,60.7,1.35E+03,-0.0148,0.0761,61.9,137,10,20.8,0.104,0.137,0.367,9.11,20.3
295,137,981,0.0705,0.0627,61,109,9.84,16.5,0.0973,0.101,0.237,24.9,15.2
148,48.5,773,0.0458,0.0657,56.8,98.3,9.04,15.2,0.0956,0.0971,0.276,17.1,18.8
810,26.8,789,0.035,0.0652,106,110,16.1,16.3,0.0995,0.116,0.25,25.2,24.8
785,23.4,871,0.0637,0.0528,101,103,15.2,15.4,0.104,0.155,0.371,14.1,22.8
10.7,100,1.52E+03,0.0123,0.0473,51.7,145,8.07,21.4,0.12,0.12,0.248,24.7,27.1
799,0.34,229,0.0798,0.0652,101,63.3,15.7,10.6,0.0917,0.131,0.181,21.6,31.5
371,131,712,0.0148,0.0581,66,95.4,10.4,15.1,0.104,0.116,0.299,19.5,22.3
993,65.2,940,0.067,0.053,117,106,17.9,16.5,0.0995,0.163,0.356,32.7,16.2
491,113,1.76E+03,0.0331,0.0558,77,154,12.4,24.1,0.0945,0.128,0.223,22.6,22.5
396,20.3,484,0.0484,0.0604,77.1,80,11.8,13.3,0.101,0.138,0.319,19.1,40
594,34.4,1.09E+03,0.035,0.0727,87.1,115,13.8,17.3,0.109,0.104,0.293,20.6,20.8
628,-38.5,568,0.00734,0.0683,99.1,81.7,15.5,12.4,0.113,0.125,0.174,16.4,28.9
992,153,2.17E+03,0.0401,0.0552,115,188,17.5,28,0.105,0.09,0.264,13.5,27.8
42.3,65.2,1.04E+03,0.00374,0.0486,48.1,130,8.01,20.3,0.107,0.126,0.336,19.1,25.8
890,14.7,749,0.00145,0.065,109,86,16.7,13.9,0.0879,0.158,0.257,18.6,21.1
1.47E+03,31.9,496,0.0978,0.0649,143,85.8,22,13.5,0.109,0.0976,0.312,27.2,24.1
316,7.07,467,0.0656,0.063,71.9,89.9,11.4,13,0.0888,0.114,0.221,26.4,27.6
182,-8.22,574,0.0509,0.062,65.2,88,10.2,14,0.0935,0.172,0.312,19.8,29
803,33,1.33E+03,0.0231,0.0616,105,123,15.9,18.7,0.0896,0.131,0.174,16,21.2
714,-20.3,898,0.0238,0.0752,101,111,15.4,17.1,0.0923,0.147,0.406,16.5,16.5
784,114,1.11E+03,0.00891,0.0607,100,121,15.3,18.4,0.107,0.133,0.303,19,33.8
48.6,97.3,1.35E+03,-0.0195,0.0641,49,132,7.93,20.8,0.0804,0.0753,0.342,11.3,22.8
517,21.7,429,0.0577,0.0601,78.9,87.9,12.4,14,0.0781,0.127,0.292,20.5,23.4
279,81.1,839,0.0502,0.0581,66.4,99.8,10.1,15.5,0.0854,0.111,0.285,16.6,25.1
718,-27.7,-204,-0.0204,0.0457,101,34.3,15.3,6.44,0.0987,0.117,0.289,14.8,19.3
660,94.5,1.80E+03,-0.00218,0.0537,89.3,164,13.6,24.2,0.0847,0.149,0.281,17.2,33.9
805,-7.2,268,0.0574,0.0598,106,90.4,16.4,13.6,0.114,0.166,0.241,20.7,27.9
843,-63.2,157,0.085,0.0672,106,74.2,16.2,11.4,0.079,0.135,0.331,22.1,18.2
508,111,623,0.0107,0.0496,76.6,90.2,11.6,12.9,0.0982,0.102,0.254,21.4,26.8
-1.97,25.7,736,0.0276,0.0676,51.5,113,8.29,16.8,0.11,0.131,0.338,18.8,26.8
642,21.6,823,0.067,0.0679,91.6,104,14,15,0.0869,0.129,0.354,21.7,27.8
613,33.5,706,0.0462,0.0851,90.3,80.5,13.6,13.4,0.0996,0.139,0.345,22.9,27.5
501,29.8,658,0.00885,0.0725,82.7,88.2,12.7,13.7,0.0948,0.135,0.225,18,20.5
1.07E+03,46.2,1.13E+03,0.0321,0.0519,121,114,18,17.3,0.0712,0.149,0.252,26,28.7
821,-0.568,215,-0.00734,0.0652,105,76.4,16,12,0.104,0.138,0.224,18.9,31.1
252,44.3,1.07E+03,-0.0345,0.0603,68.7,117,10.8,17.5,0.0919,0.119,0.26,17.6,20.9
110,13,826,0.00509,0.0607,62,108,9.51,17.3,0.0698,0.113,0.304,22.6,32.1
458,85.3,1.20E+03,0.0223,0.0545,78.4,119,12.3,17.7,0.106,0.139,0.342,21.6,35.2
761,6.19,414,0.0276,0.0664,101,75.2,15.4,11.3,0.097,0.0802,0.296,11,24.9
729,44.2,893,0.0423,0.0577,96.5,117,14.9,17.3,0.102,0.138,0.329,19.1,24.6
601,70.9,1.49E+03,0.00404,0.055,92.2,135,13.8,20.5,0.103,0.166,0.356,26.3,31.2
401,48.2,936,0.0322,0.0605,78.4,106,11.9,15.8,0.105,0.123,0.378,26.6,35.2
930,-46.1,234,0.0325,0.0604,110,62.1,16.9,9.65,0.0999,0.161,0.103,19.7,20.7
514,78.8,492,0.0808,0.0681,74.9,78.9,11.6,11.6,0.0799,0.119,0.327,22.9,27.9
31.1,68.9,844,-0.00767,0.0697,50.1,99.7,7.83,15.2,0.0873,0.132,0.179,20.6,30
824,-52,884,0.052,0.0691,106,107,16,16.5,0.0897,0.123,0.404,17.6,28.8
341,4.44,1.39E+03,0.0661,0.0722,73.9,138,11.4,20.3,0.0715,0.135,0.268,19,24.9
468,50,499,0.0306,0.0613,76.3,92.9,12.2,13.6,0.0805,0.0816,0.328,17.6,23
1.10E+03,19.3,1.28E+03,0.0445,0.0749,129,135,19.5,20.1,0.0871,0.184,0.235,27.4,20
521,-25,75.3,0.0916,0.0526,86.9,61.2,13.4,9.39,0.102,0.13,0.26,17.5,35.4
484,-81.5,-21.9,0.0334,0.0663,85.6,54.6,13.2,8.48,0.0984,0.145,0.276,17.4,23.8
166,-13.2,5.92,0.101,0.057,52.4,44.2,8.57,8.19,0.0846,0.152,0.223,25.2,28.2
721,-35.8,-39.3,0.028,0.0603,96.3,53.2,14.7,9.46,0.0896,0.159,0.299,19.5,32.2
723,-2.73,419,0.0502,0.0511,101,91.5,15.2,12.8,0.0931,0.155,0.4,19.5,14.3
329,21.8,499,-0.0159,0.0557,68.9,80.5,10.9,13.1,0.0769,0.0929,0.338,22.3,18
921,-23.5,369,0.0225,0.0588,105,79.1,16.4,12.4,0.0862,0.107,0.437,18.3,42.7
550,12.5,323,0.00238,0.0657,90.2,82.5,13.7,12,0.104,0.121,0.251,27.4,32.5
925,-21,443,0.00243,0.0712,114,79.4,17.5,11.3,0.113,0.117,0.294,22.4,32.4
1.33E+03,18.9,735,0.04,0.078,140,103,20.7,15.8,0.105,0.154,0.366,16.2,34.5
668,24.2,525,-0.0236,0.0654,95.2,83.5,14.5,12.8,0.105,0.131,0.297,16.3,20.9
335,40.4,1.03E+03,0.0553,0.0681,64.7,123,10.1,17.9,0.0944,0.151,0.192,16.4,32.7
25.6,99.6,1.77E+03,0.0489,0.067,48.5,152,7.71,22.9,0.112,0.135,0.459,17.9,25
706,150,1.76E+03,0.0136,0.0484,98.2,165,15.2,24.3,0.126,0.113,0.349,19,18.3
256,16.8,801,-0.0237,0.0633,63.2,90.5,9.65,14.4,0.0759,0.126,0.28,18.3,34.1
755,63.2,458,0.00401,0.0546,92,70,14.4,11.2,0.0946,0.102,0.357,17.2,25.9
638,7,895,0.0578,0.0661,95.1,119,14.6,17.5,0.0858,0.123,0.409,22.6,30.1
1.03E+03,60.4,1.56E+03,-0.00453,0.0594,119,144,18.3,22.5,0.112,0.143,0.253,14.5,32.6
607,51.7,809,0.0379,0.0668,91.5,99.1,14.1,15.3,0.103,0.132,0.32,14.9,20.6
1.27E+03,-7.12,273,0.0205,0.0467,131,78.5,19.8,11.9,0.104,0.141,0.332,25.4,29.5
175,60,1.12E+03,0.0467,0.0586,57.8,119,9.28,18.7,0.126,0.151,0.239,21.6,26.6
791,108,2.24E+03,0.0833,0.0646,110,190,16.4,27.7,0.109,0.129,0.344,22.3,28.2
618,50.4,1.24E+03,0.0291,0.0587,90.4,131,13.8,18.8,0.0808,0.155,0.335,19.4,24.5
428,88.3,870,0.0508,0.0594,70.6,102,11.1,16,0.0993,0.096,0.334,18.5,30.1
523,55.4,1.22E+03,0.102,0.0595,83.3,135,13.1,20.3,0.104,0.197,0.331,20.4,20.2
905,70.5,1.90E+03,0.0323,0.0701,111,163,16.8,24.2,0.0892,0.149,0.289,11.4,28.3
-143,149,2.36E+03,0.0338,0.0675,40.1,193,6.52,29,0.105,0.144,0.361,15.6,28.9
688,30.6,737,0.0703,0.0602,98.5,104,15.1,15.9,0.123,0.131,0.286,17.4,33.7
351,89.3,644,0.0341,0.0714,66,86.5,10.4,13.1,0.134,0.0788,0.28,14.3,28.2
824,53.1,1.28E+03,-0.00359,0.0683,107,126,16.4,19.4,0.108,0.118,0.285,23.3,30.2
727,83.8,1.31E+03,0.0141,0.0595,97.3,131,14.8,19.6,0.108,0.12,0.308,12.4,21
546,-6.35,310,0.056,0.0732,81.4,72,12.6,11,0.0922,0.126,0.193,25.2,33.4
800,-87.7,392,0.0656,0.0611,106,78,16.7,13,0.104,0.176,0.343,17.5,22.8
656,98.3,649,0.00224,0.068,81.3,95.4,12.7,14.8,0.116,0.125,0.174,16.9,27.9
841,116,1.98E+03,0.0448,0.0661,104,171,15.8,26,0.0847,0.11,0.323,16.8,17.3
723,-31.6,143,0.0679,0.0657,104,61.6,15.8,10.8,0.108,0.149,0.237,12.3,24.6
-93.4,44.5,1.17E+03,0.103,0.0642,39.3,126,6.39,18.6,0.104,0.157,0.361,18.2,27.4
-191,86,1.21E+03,0.00926,0.0574,34.6,132,5.75,19.8,0.0728,0.142,0.374,20.2,25.5
504,-43.3,210,0.0261,0.0738,83.5,81,13,11.5,0.0803,0.13,0.426,25.7,24.2
806,52.7,922,0.0129,0.061,97.4,103,15,15.8,0.0893,0.163,0.329,23.7,35
681,67.4,1.36E+03,0.0397,0.0656,97.6,135,14.9,20.2,0.128,0.181,0.161,15.5,21.4
623,44.3,583,-0.016,0.0711,83.5,95.5,13.3,15,0.1,0.129,0.37,19.4,25.4
784,7.7,1.00E+03,0.0485,0.0684,95.3,110,15.1,16.1,0.0982,0.107,0.156,15.3,21.2
882,21.8,1.39E+03,0.0345,0.0777,108,128,16.4,19.7,0.118,0.158,0.205,19.1,31.5
944,-23.2,428,0.104,0.0647,112,76.2,17.2,12.5,0.0863,0.142,0.248,28.1,22.1
891,-62.5,504,0.0427,0.0669,105,75.2,16.3,11.6,0.0843,0.179,0.335,18,28.1
631,7.02,1.00E+03,0.0526,0.0822,92,122,14.3,17.9,0.0854,0.161,0.268,21.4,15.6
861,22.4,372,0.0725,0.054,104,68.4,15.9,10.2,0.11,0.108,0.3,22.6,33.4
405,-16.2,715,0.018,0.0474,79,105,12.1,15.9,0.0888,0.164,0.381,16,29.3
388,-4.01,616,0.00522,0.0674,72.6,102,11.3,15.5,0.084,0.145,0.297,10,32.1
507,40,964,0.0519,0.0714,82.5,110,12.8,16.2,0.0946,0.158,0.314,17.9,16
405,4.61,596,0.0436,0.0527,79.5,92.8,12.3,14.9,0.0873,0.168,0.245,20.2,27.6
415,-18.6,-63.9,0.0265,0.0692,71.2,54.5,11.5,8.71,0.0934,0.134,0.359,21,30.1
206,92.7,975,-0.00328,0.0606,65.7,114,9.79,16.6,0.125,0.0951,0.38,19.6,24.9
451,51,721,0.0311,0.0611,77,99.3,11.8,15.1,0.0779,0.157,0.322,18.8,29.1
503,118,1.27E+03,0.036,0.0466,80.1,141,12.3,20.2,0.0948,0.137,0.423,19.4,23
1.01E+03,-21,249,0.00393,0.0538,114,79.6,17.7,12,0.0951,0.129,0.272,24.9,25.2
1.22E+03,14.3,1.05E+03,-0.0149,0.0506,137,118,20.7,18,0.0954,0.0884,0.315,11.3,34.2
623,24.5,959,0.00479,0.0558,98.2,110,14.4,16.9,0.0809,0.129,0.236,18.9,32
1.30E+03,94.7,1.93E+03,0.0304,0.0659,134,155,19.8,23.7,0.088,0.129,0.267,18.2,21.1
858,33,423,0.0723,0.0599,109,90.3,16.4,12.6,0.112,0.162,0.179,22.5,23.5
448,-3.32,408,0.0639,0.0602,80.6,80.8,12.6,12.7,0.0843,0.163,0.268,17.1,10.8
261,34.7,690,0.0538,0.0543,66.7,87.8,10.3,14,0.0941,0.0782,0.35,21,30.8
732,20.8,693,0.0721,0.0592,99,102,15.2,15.3,0.0955,0.164,0.39,20.8,34.8
635,11.6,337,0.0299,0.055,90,74.5,13.8,11.6,0.0892,0.134,0.281,27.5,31.2
659,2.36,726,0.0222,0.0602,92.9,98.3,13.8,15.4,0.0717,0.137,0.296,17.1,32.5
644,65.1,663,0.0329,0.0649,93.7,110,14.3,16.5,0.0926,0.127,0.191,15.6,20.7
702,38.5,668,-0.00549,0.058,89.6,96.5,14,14.3,0.105,0.171,0.252,22.5,34.9
411,36.4,1.15E+03,0.0274,0.0619,73.9,134,11.7,18.9,0.0921,0.145,0.363,13.3,15.4
1.06E+03,50.7,862,0.0638,0.072,114,97.5,17.1,15.1,0.106,0.124,0.329,18.4,12.3
726,122,1.72E+03,0.0333,0.0559,100,169,14.9,24.1,0.0777,0.137,0.181,13,13.4
294,-9.73,447,0.0446,0.049,67,77.8,10.7,11.8,0.109,0.139,0.353,16.9,26.6
632,-46.3,346,0.0579,0.0571,85.6,75.4,13.6,11.8,0.0776,0.157,0.228,27.1,35.1
812,-1.24,493,-0.0014,0.0753,107,83.4,16.6,12.9,0.104,0.123,0.283,19,23.2
794,22.7,588,0.0379,0.0722,97.4,93.4,15.6,13.8,0.124,0.0815,0.217,15.3,25.5
431,29.3,238,0.0718,0.0779,71.5,67.2,11.4,9.95,0.118,0.11,0.262,14.2,19.8
43,115,1.14E+03,0.0252,0.0569,45.5,122,6.94,18.6,0.115,0.158,0.317,19.8,22.7
284,102,1.57E+03,0.0356,0.0733,61.4,145,9.34,21.6,0.0793,0.169,0.323,18.9,36.1
712,-11.1,-44.1,-0.0232,0.0601,95.9,50.1,14.5,7.78,0.107,0.154,0.258,20.1,19.7
1.15E+03,-136,-724,0.0787,0.0503,134,0.735,20.4,1.34,0.103,0.134,0.202,19.2,20.5
819,96.7,974,0.0219,0.0524,104,134,15.7,19.5,0.0972,0.106,0.302,25.4,28.2
707,5.07,1.22E+03,0.0396,0.0669,99.8,122,15.1,18.7,0.0977,0.144,0.301,18.5,27.9
1.25E+03,28.5,1.13E+03,0.0529,0.0702,132,108,19.7,16.7,0.0887,0.126,0.285,23.9,25.4
1.55E+03,60.8,1.10E+03,0.0193,0.0703,153,125,22.6,18.6,0.0765,0.0901,0.292,20.5,28.6
-317,129,1.63E+03,0.0159,0.0528,28.6,156,4.53,22.7,0.0851,0.13,0.242,18.2,25.6
926,-7.68,264,0.077,0.0746,110,66.8,16.9,10.9,0.115,0.158,0.223,16.2,18.7
425,117,1.49E+03,0.0654,0.0667,74.1,151,11.4,22.2,0.102,0.169,0.255,25.4,28.4
366,63.2,771,0.0535,0.0548,75.2,95.3,11.5,15.3,0.0847,0.154,0.387,32.3,17.7
752,-60.9,97.6,-0.00406,0.074,106,65.3,15.9,9.29,0.0963,0.129,0.255,23.4,16.1
150,58.4,835,0.0654,0.0557,59.6,98.1,9.76,15.1,0.103,0.101,0.248,21.4,30.9
173,22.8,919,0.0517,0.0667,61.9,117,9.29,17,0.0776,0.125,0.345,22.2,30.8
569,81.1,1.27E+03,0.0392,0.0692,88.2,136,13.5,20.2,0.123,0.158,0.349,17,19.2
406,187,1.34E+03,0.0933,0.0559,67,142,10.1,21.4,0.113,0.138,0.339,17.1,28
985,2.01,817,0.022,0.0641,108,102,16.7,15.3,0.0882,0.112,0.32,16.9,20
856,9.68,-30.4,0.0389,0.0623,104,60.4,15.9,10.2,0.105,0.148,0.262,19,19.1
-39,144,1.52E+03,0.0691,0.0588,42.1,145,6.87,21.5,0.102,0.0963,0.293,15.6,21
296,-47.8,-466,0.0407,0.0555,68.6,29,10.6,4.5,0.0827,0.138,0.406,12.2,24.5
525,77.9,1.77E+03,-0.0184,0.0523,92.9,164,14.1,24.2,0.105,0.137,0.388,16.8,20.3
438,8.7,809,0.0263,0.0519,75.6,91,12.2,14.5,0.119,0.164,0.4,16.2,30.5
468,-46.2,-430,0.0514,0.0489,81.7,30.1,12.2,5.5,0.0903,0.129,0.236,16.3,19.8
652,36.9,780,-0.00591,0.0674,93.1,100,14,15,0.0771,0.131,0.192,17.5,16.6
1.26E+03,31.8,-55.5,0.0519,0.0559,128,34.9,19,6.53,0.104,0.145,0.239,27.4,26.4
316,-32,23.7,0.0765,0.0684,67.3,54.2,10.6,8.2,0.0975,0.125,0.288,19.8,25.2
809,103,1.33E+03,0.00871,0.0653,103,125,15.6,19.3,0.0951,0.106,0.238,18.5,40.9
694,-103,-373,0.0388,0.049,87.6,22.2,13.7,4.26,0.0798,0.177,0.395,19.6,28.9
995,109,2.17E+03,0.0878,0.063,119,181,18.1,26.8,0.0852,0.119,0.253,22.8,27.4
174,67.3,1.56E+03,0.124,0.0668,62.8,151,10.3,22.8,0.0809,0.126,0.294,23.3,31.4
1.42E+03,82.7,1.73E+03,0.026,0.067,140,170,21.1,24.6,0.0807,0.132,0.259,19.7,33.1
-45.6,16,598,0.0263,0.0592,47.9,90,7.72,13.9,0.103,0.118,0.19,19.3,41
401,109,1.55E+03,-0.00974,0.0606,73.3,144,11.3,22.2,0.1,0.0948,0.311,20,28.5
748,56.6,1.29E+03,0.0122,0.06,98.4,117,14.9,18.5,0.0778,0.0873,0.334,22.5,35.2
572,92.6,708,0.0398,0.0526,84.7,109,13.1,16.4,0.0914,0.141,0.289,21.1,14.7
266,88.4,1.36E+03,0.0528,0.0619,64.1,127,10.2,19.4,0.0944,0.136,0.249,15.9,29.6
1.02E+03,-0.595,1.19E+03,0.0446,0.0662,113,126,17.3,18.7,0.0683,0.189,0.297,14.7,25.6
822,91.2,831,0.0317,0.046,103,111,15.7,16.1,0.101,0.116,0.303,27.1,23.5
970,-90.8,308,0.073,0.067,117,75.9,17.7,11.3,0.0882,0.129,0.365,14.5,34.6
26.5,-18.3,39.6,0.013,0.0603,47,52.2,7.96,8.47,0.102,0.109,0.295,20.2,21.8
167,151,2.53E+03,0.0237,0.0681,58.2,200,9.32,29.4,0.121,0.126,0.416,20.5,25.7
292,52.3,995,0.0298,0.0696,66,107,10,16.9,0.0928,0.104,0.312,18.1,29.4
866,20.3,614,0.0592,0.064,107,99.2,16.3,15.4,0.0977,0.175,0.294,17.1,18.7
499,47,1.02E+03,0.0426,0.0626,80.9,111,12.3,17.2,0.103,0.169,0.294,19.1,22.5
793,31.2,769,0.0641,0.0579,97.8,91.9,14.8,14.2,0.085,0.143,0.215,19.8,18
412,-31.6,394,0.0727,0.0684,79.8,83.7,12.3,12.8,0.0944,0.133,0.33,20.2,29.9
1.09E+03,41.1,1.07E+03,0.0574,0.0536,125,113,18.9,17.5,0.098,0.124,0.229,15.8,28.2
16.2,86.1,1.21E+03,0.0456,0.0634,51.9,132,8.49,19.9,0.142,0.135,0.288,24.9,24.2
337,12.4,662,0.00185,0.0592,72.7,93,11.2,15,0.132,0.147,0.368,10.7,37
715,94.3,1.09E+03,0.0186,0.0613,99.5,131,15,19.5,0.0967,0.106,0.242,26.2,15.1
1.14E+03,16.2,109,0.0302,0.0686,119,57,18.2,8.52,0.0941,0.135,0.406,24.9,20.8
791,71.3,417,0.0595,0.0658,98.6,78.1,15,12.2,0.121,0.0927,0.36,18.7,16.9
623,31.4,1.04E+03,0.0818,0.0644,95.6,116,14.6,17.1,0.109,0.158,0.228,18.3,23
506,121,2.61E+03,0.0574,0.0503,83.2,210,13.1,30.3,0.104,0.163,0.276,8.92,20.6
965,41,1.09E+03,0.0453,0.0564,118,128,17.5,19.3,0.0807,0.15,0.285,23.9,31
614,3.07,1.26E+03,0.0544,0.0522,100,126,15,19.3,0.0807,0.167,0.257,24.8,26
619,57.5,1.28E+03,0.048,0.05,95.7,144,14.1,20.3,0.0866,0.108,0.279,11.6,30.7
288,90.3,1.31E+03,-0.0188,0.0527,67.2,132,10.9,19.5,0.0989,0.0834,0.254,13.8,29.2
778,56.6,1.28E+03,0.07,0.07,100,126,15.4,18.5,0.102,0.133,0.232,17.7,27.6
819,-120,-322,0.0454,0.0808,105,37.4,16.1,5.75,0.085,0.126,0.287,13.4,21.7
333,64.8,860,0.0651,0.0594,68.8,105,10.7,16.4,0.117,0.161,0.233,18.5,28.1
1.10E+03,111,2.02E+03,0.0393,0.0613,124,167,18.6,24.6,0.0979,0.144,0.404,23.6,24.2
286,100,632,-0.0379,0.0519,58.3,93.2,9.21,14.1,0.0827,0.123,0.217,14.8,22.3
1.03E+03,19.7,1.61E+03,0.0551,0.0647,121,163,18.4,23.7,0.0986,0.176,0.33,12.2,30.4
175,117,1.17E+03,-0.00383,0.0617,56.2,116,8.69,17.3,0.0753,0.0989,0.333,21.1,15.5
677,-31,541,0.0706,0.0632,98.8,85,15.4,13,0.0881,0.13,0.239,24.3,31.4
751,1.27,359,0.0297,0.0529,99,84,15.6,12.6,0.113,0.158,0.194,24,26.7
147,-11.5,348,0.0669,0.06,57.2,76.8,9.34,12.9,0.0967,0.177,0.219,16.7,29.5
187,15.8,921,0.0111,0.0606,57.1,108,9.47,16.4,0.0892,0.117,0.373,17,35.4
338,-69.1,278,0.0463,0.0774,68,78,11.4,10.9,0.091,0.149,0.294,24.5,22.9
-115,7.05,1.41E+03,0.00121,0.0658,44.8,140,7.55,21.3,0.0678,0.133,0.387,12.5,26.1
41.3,40.4,1.21E+03,0.077,0.0825,50.4,132,8.26,20,0.0995,0.136,0.342,21.5,27.9
756,14.6,1.43E+03,0.0316,0.0733,102,139,15.5,21.3,0.0965,0.149,0.325,16.6,18.2
876,14.1,678,0.0208,0.0599,108,95.1,16.5,14.7,0.0775,0.134,0.368,12.3,26
804,-24.3,201,0.014,0.0537,108,69.4,16.5,11.3,0.121,0.123,0.304,25.3,32.5
281,44.4,1.05E+03,0.11,0.0659,73.6,105,11.1,16.5,0.103,0.179,0.24,25.8,38.1
423,45.5,538,0.0156,0.0551,75.6,81.5,11.4,12.7,0.0825,0.118,0.379,22.7,31
-129,68.6,198,0.0299,0.0664,34.1,61.1,5.6,9.37,0.126,0.142,0.285,17.2,29.5
792,14.7,686,0.0193,0.0552,107,93.5,16,14.6,0.086,0.0963,0.257,20.4,32.2
501,39.4,676,0.123,0.0596,78.9,99,12.3,15.5,0.0885,0.165,0.322,26.5,30.2
594,5.89,656,0.0757,0.0633,93.2,105,14.1,15.9,0.0654,0.106,0.222,26.1,28.6
164,43.9,170,0.0216,0.0687,54.9,64.7,8.7,10,0.0978,0.0668,0.415,19.9,26.8
384,3.8,1.02E+03,0.0706,0.0589,71.1,117,11.1,17.6,0.0775,0.18,0.245,25.9,33.8
1.00E+03,-13.1,918,0.0225,0.0609,112,99.9,17,15.6,0.0793,0.154,0.334,12.5,25.6
1.24E+03,28.1,1.15E+03,-0.00645,0.0664,123,112,18.7,17,0.0882,0.139,0.291,14.6,35.1
869,54.6,909,0.0199,0.0661,106,125,15.9,17.9,0.101,0.135,0.322,20.6,31.6
511,172,1.55E+03,0.000742,0.0603,80.7,148,12.4,22.7,0.113,0.108,0.349,17.7,26.8
964,-55.4,473,0.0635,0.0591,113,88.6,17.2,13.2,0.0631,0.185,0.353,21,27.8
363,59.8,554,0.0664,0.069,71.5,91.7,11.5,14.5,0.112,0.128,0.302,18.6,25.4
713,-44.7,642,0.00868,0.0645,92.1,96.6,14.3,14.8,0.0838,0.163,0.424,17.7,28.5
133,14.9,188,0.0952,0.052,56.4,66.4,9.14,10.1,0.116,0.135,0.329,24.4,35.9
-225,46.3,948,0.0638,0.0657,33.7,112,5.61,16.7,0.103,0.138,0.231,14.6,21.7
1.09E+03,80.1,471,-0.00793,0.0662,120,71.1,18,12.2,0.111,0.112,0.415,17.2,23.2
467,46,915,0.055,0.0591,75.9,119,12.2,17.7,0.0912,0.13,0.222,17.2,21.7
595,100,1.50E+03,0.0167,0.0678,89.8,155,13.7,22.9,0.115,0.0958,0.394,17.8,20.3
346,29.4,1.07E+03,0.0446,0.0659,74.9,124,12,18.7,0.0987,0.112,0.167,21.3,27.5
-38.9,101,1.61E+03,0.0151,0.0713,46.9,156,7.85,23.4,0.0869,0.122,0.311,17.7,25.5
343,-24.6,-601,0.0257,0.0634,73.9,9.42,11,2.56,0.115,0.0948,0.35,22.5,29.5
572,88.8,671,0.00881,0.0551,87.8,99.8,13.4,15.2,0.13,0.141,0.343,18.2,23.6
3.15,72.5,1.32E+03,0.0188,0.063,50.6,125,8.08,19.4,0.0862,0.124,0.271,13,24.2
730,74.3,1.21E+03,0.0754,0.062,97.2,122,14.9,18.1,0.068,0.0829,0.274,20.1,18.4
1.10E+03,-94.9,-547,0.00861,0.0716,124,29.3,19.1,4.7,0.0878,0.154,0.3,20.1,26.7
718,15.6,69.6,0.0633,0.0594,98.5,57.1,15,8.93,0.124,0.108,0.314,21.8,27.2
371,-37.7,528,0.0395,0.0681,70.3,79.3,11,13,0.0723,0.114,0.253,13.8,30.5
331,14.6,397,0.0571,0.0623,68.6,78.6,10.6,12.2,0.074,0.122,0.199,21.3,33.6
402,80.1,1.40E+03,0.0331,0.0688,70.9,142,11.3,21.4,0.093,0.132,0.403,20.8,29.3
587,-35.3,434,0.0499,0.0766,90,68.6,13.9,12,0.102,0.129,0.303,16.4,29.5
960,-11.3,1.00E+03,0.0392,0.0701,119,117,18,17.1,0.0898,0.166,0.307,20.4,20.5
546,28,494,0.0899,0.0656,77.1,82.8,12.2,12.2,0.0869,0.115,0.315,22.5,32.1
988,81,1.58E+03,0.0875,0.0701,115,147,17.5,22.4,0.0852,0.119,0.192,19.1,29.6
589,96.6,2.01E+03,0.0237,0.063,89.8,169,13.9,25.4,0.118,0.133,0.239,21,32.7
198,106,1.44E+03,0.0308,0.0683,64.4,146,9.75,21.2,0.0977,0.115,0.286,15.2,30.2
358,122,1.88E+03,0.0229,0.0603,71.3,173,11,25,0.122,0.141,0.332,13.9,34.7
933,34.1,952,-0.00586,0.0687,109,102,16.5,15.7,0.0859,0.158,0.386,12.9,25.4
602,46.8,868,0.0503,0.0612,83.3,106,12.6,15.2,0.106,0.182,0.353,20.5,18.4
1.04E+03,73.5,805,0.0138,0.0708,114,98.1,17.3,15.5,0.101,0.106,0.217,22.4,30.4
869,81.4,1.35E+03,-0.0381,0.071,104,134,16.1,20.6,0.0723,0.136,0.225,22.3,28.3
586,104,1.25E+03,0.0312,0.0606,84.8,134,13.1,19.6,0.0897,0.132,0.377,26.1,19.3
814,54.1,814,-0.0409,0.0587,106,88.9,16.1,13.6,0.0922,0.0827,0.315,18.4,25.4
555,37.8,1.33E+03,0.0388,0.0651,87.4,132,13.8,19.3,0.0881,0.14,0.4,23.8,22.7
610,46.2,769,0.0237,0.0639,91.5,102,14.2,15.9,0.0944,0.162,0.274,26.7,21.5
603,30.6,571,-0.0279,0.0714,89.7,85.8,13.6,12.8,0.0891,0.123,0.266,14.8,23
21.6,43.3,707,0.0581,0.0713,45.7,101,7.33,16,0.0871,0.137,0.259,17.5,25.2
196,119,1.53E+03,0.0186,0.0527,52.4,141,8.72,21.7,0.0991,0.098,0.322,13.2,36.5
576,15.1,895,0.0495,0.0625,92.9,108,14.2,16.1,0.107,0.142,0.262,16.7,21.4
352,64,758,-0.0422,0.0661,73.9,102,11.2,15.1,0.127,0.116,0.382,15.8,29.2
1.23E+03,98.7,941,0.0764,0.0668,132,109,20,16.9,0.12,0.133,0.256,23.2,25.7
446,44.3,887,0.0195,0.068,79.2,107,12.1,16.5,0.0989,0.104,0.328,19.5,25.6
525,-57.4,730,0.0585,0.0704,85.6,101,13.4,15.6,0.0789,0.158,0.219,21.7,38
626,72,1.36E+03,-0.0146,0.0544,92.5,140,14.4,20.8,0.0985,0.114,0.255,18.9,24.3
596,-7.83,1.25E+03,0.0126,0.0789,88,127,13.9,18.4,0.0957,0.147,0.254,19,21.3
1.36E+03,-5.69,600,0.0529,0.0641,142,84.9,21.3,12.6,0.0975,0.132,0.217,21.2,23.2
118,33.3,1.19E+03,-0.00322,0.0706,61.1,126,9.82,19.1,0.109,0.106,0.294,20.4,19.6
543,44,1.07E+03,0.00107,0.0612,82.2,118,12.6,17.3,0.108,0.117,0.233,14.3,29.8
379,19,428,0.0163,0.0836,72.9,97.7,11.4,14.2,0.0867,0.12,0.375,19.6,18.1
1.03E+03,-10.4,602,-0.00426,0.0719,119,86,17.9,12.9,0.0901,0.103,0.221,17.1,18.9
747,68.5,1.74E+03,0.0522,0.0607,100,142,15.6,22.2,0.0787,0.104,0.273,22.7,23.6
532,5.84,514,0.0704,0.0566,82,83.9,12.7,12.5,0.121,0.143,0.32,18.1,24.7
668,88.6,2.03E+03,0.0469,0.0562,98.8,189,14.8,27.3,0.0652,0.143,0.265,15.7,23.7
58.3,7.99,453,0.0315,0.0471,51.4,74,8.49,12.5,0.109,0.101,0.302,17.5,26.4
635,146,1.20E+03,0.038,0.0532,86.9,133,13.5,21.1,0.108,0.116,0.375,16.9,31.3
834,49.7,660,0.043,0.0534,95.5,104,14.7,16.2,0.0861,0.138,0.305,22,32.7
696,32.8,1.14E+03,0.031,0.0695,91.7,123,14,18.1,0.0598,0.147,0.357,23.3,23.7
645,-22.9,107,0.0642,0.0549,95.8,71.5,14.7,10.4,0.1,0.14,0.357,14,21.2
317,53.1,748,0.0364,0.0524,66.8,101,10.5,15.2,0.105,0.118,0.281,17.8,32.2
850,184,1.46E+03,-0.0142,0.062,102,151,15.4,22.2,0.113,0.071,0.308,11.5,20.4
462,31.2,1.69E+03,0.00803,0.0716,81.6,153,13.1,23.1,0.0791,0.167,0.323,20.9,27.1
471,-12.2,20.1,-0.00151,0.0573,81.5,61.8,12.5,9.28,0.0896,0.157,0.367,21.6,23.6
640,-12.9,139,0.091,0.0578,90.6,54.6,13.9,9.02,0.114,0.154,0.29,20.4,40.1
335,54.7,1.58E+03,0.057,0.054,69.4,145,11.2,21.4,0.0755,0.138,0.249,16.5,27.9
1.06E+03,49.1,1.67E+03,0.0851,0.0597,120,160,18.1,23.6,0.0681,0.163,0.346,16.6,28.4
278,72.3,1.23E+03,0.0225,0.0607,57,118,9.51,18.8,0.0789,0.106,0.317,16.9,27.9
278,-3.18,-181,0.0705,0.0673,63.7,43,10.4,7.29,0.107,0.107,0.23,17.2,15.9
-102,74.9,820,0.0578,0.0748,36.9,104,5.7,16.2,0.102,0.0969,0.352,14.7,25.8
554,23.4,1.37E+03,0.0174,0.0578,85.2,135,13.1,19.9,0.0686,0.159,0.212,21.7,17.5
466,64.2,1.04E+03,0.0792,0.0769,77.6,112,12,16.4,0.109,0.11,0.382,21.7,24.3
571,44.9,1.25E+03,0.0187,0.0538,85.7,131,13.2,19.7,0.0875,0.113,0.3,23.2,21
1.19E+03,17.4,839,-0.0255,0.064,132,98.4,20.1,15.4,0.112,0.158,0.307,19.8,24
657,16.5,618,0.0475,0.0675,89.9,76,13.7,12.8,0.115,0.167,0.285,25.9,34.3
681,10.3,1.03E+03,0.0564,0.0806,91.1,122,14.2,17.8,0.0898,0.0979,0.298,15.9,33
931,47.1,1.41E+03,0.0792,0.0671,106,138,16.3,19.9,0.101,0.154,0.285,16.6,34.8
385,129,954,0.0495,0.0649,74.8,117,11.5,17.5,0.112,0.118,0.334,23.7,23.1
743,-21.8,-266,0.0375,0.0566,92.7,43.6,14.3,7.39,0.09,0.127,0.265,24,25.4
614,77.9,502,0.0198,0.057,90.5,85.2,13.4,13.7,0.0977,0.106,0.272,22.4,26.1
610,44.2,539,-0.00465,0.0666,89,92.7,13.8,14.7,0.0883,0.114,0.375,12.6,12.4
-387,45.9,1.29E+03,0.0524,0.0641,23.3,128,4.61,18.9,0.102,0.127,0.328,20,34.1
286,148,2.20E+03,0.0314,0.0668,67.2,174,9.97,26.5,0.0976,0.121,0.347,24.2,36.6
324,-8.42,-82.3,0.0427,0.0542,69.1,58.6,10.8,8.89,0.107,0.176,0.36,14.1,11.5
286,94.3,1.47E+03,-0.00113,0.06,64.5,146,10.3,22.6,0.0882,0.168,0.278,24.4,25.8
754,63.6,989,-0.0362,0.0669,104,129,15.4,18.9,0.0952,0.121,0.309,27.8,33.3
874,-54.8,606,0.037,0.0669,101,94.6,15.5,13.7,0.0624,0.168,0.259,22,28
685,156,1.77E+03,-0.0282,0.0519,83.2,162,12.7,24.6,0.0994,0.155,0.353,14,23.7
442,79.7,1.65E+03,0.0162,0.0677,78.5,157,12.5,23.3,0.113,0.143,0.257,15.7,32.4
200,104,1.54E+03,0.00346,0.0674,59.8,148,9.07,22.2,0.113,0.165,0.275,14.1,27.7
573,-55.1,-59.3,0.0527,0.0727,93.4,55,13.9,8.69,0.0842,0.112,0.323,16.1,29.2
358,24.1,533,0.0721,0.0718,75.8,90.1,11.5,13.3,0.101,0.103,0.264,17.7,24.7
391,9.44,28.6,0.032,0.0558,74.5,46.2,11.6,7.47,0.11,0.115,0.315,24.2,31.9
969,-20.7,420,0.0451,0.07,120,84.2,18.3,12.5,0.0979,0.124,0.329,17,17.7
993,82.2,1.06E+03,0.0227,0.0583,108,120,16.4,17.9,0.0678,0.136,0.236,20.6,26.6
1.43E+03,82.5,1.08E+03,-0.0168,0.0634,142,119,21.5,17.9,0.121,0.151,0.255,11.1,12.6
564,29,644,0.0207,0.0527,91.2,86.5,13.9,13.6,0.115,0.125,0.177,22.4,31.6
908,34.1,472,-0.00924,0.0496,114,86,17.4,13.4,0.0833,0.0976,0.292,21.2,30.4
926,74.5,1.02E+03,0.0335,0.0559,110,122,16.6,18,0.117,0.175,0.179,20.7,27.1
765,51.6,638,0.0757,0.0691,101,89.8,15,13.7,0.103,0.129,0.246,23.4,19.5
610,53.1,820,0.0415,0.0662,88.5,111,13.6,17.1,0.0959,0.163,0.212,27.6,23.4
725,39.6,1.16E+03,0.0762,0.0637,91.9,119,14.3,17.2,0.115,0.127,0.323,18.3,35.4
1.05E+03,83.2,1.72E+03,0.0248,0.0593,124,142,18.4,22.3,0.0838,0.148,0.35,19,24.8
1.37E+03,-19.8,405,0.055,0.0595,142,82.8,21.4,12.6,0.0778,0.118,0.407,19.2,27.6
579,73.9,1.56E+03,0.0955,0.071,87.5,144,13.3,21.4,0.105,0.175,0.277,24,30.2
42.1,137,1.92E+03,-0.0176,0.0537,52.3,166,8.24,25.4,0.113,0.175,0.354,12.1,13
996,4.95,798,0.0506,0.0624,118,94.6,18.2,15.5,0.101,0.138,0.22,18.6,17.6
530,44.4,753,0.0686,0.0609,75.2,101,12.1,15.4,0.0907,0.106,0.414,19.8,24.2
-97.5,-27.1,-17.7,0.043,0.0651,41,48,6.91,7.7,0.086,0.0836,0.22,18.4,35.8
198,-4.23,280,0.06,0.0641,62,78.5,9.85,12.5,0.0917,0.136,0.245,15,32.3
569,-16,1.04E+03,-0.0482,0.054,87.3,122,13.7,17,0.0842,0.132,0.318,8.34,28
533,31.1,452,0.0305,0.0658,86.7,85.2,13.1,13.6,0.0873,0.116,0.356,22.5,26.3
961,-6.64,229,-0.00305,0.0659,109,72.9,16.9,11.4,0.0857,0.129,0.306,20.3,27.2
368,136,1.73E+03,-0.0496,0.0639,68.1,146,10.5,22.7,0.0965,0.141,0.405,12.2,18.4
