radius_mean,texture_mean,perimeter_mean,area_mean,smoothness_mean,fractal_dimension_mean,area_se,concavity_se,radius_worst,texture_worst,perimeter_worst,area_worst,smoothness_worst,symmetry_worst
17.99,10.38,122.8,1001,0.1184,0.07871,153.4,0.05373,25.38,17.33,184.6,2019,0.1622,0.4601
20.57,17.77,132.9,1326,0.08474,0.05667,74.08,0.0186,24.99,23.41,158.8,1956,0.1238,0.275
19.69,21.25,130,1203,0.1096,0.05999,94.03,0.03832,23.57,25.53,152.5,1709,0.1444,0.3613
11.42,20.38,77.58,386.1,0.1425,0.09744,27.23,0.05661,14.91,26.5,98.87,567.7,0.2098,0.6638
20.29,14.34,135.1,1297,0.1003,0.05883,94.44,0.05688,22.54,16.67,152.2,1575,0.1374,0.2364
12.45,15.7,82.57,477.1,0.1278,0.07613,27.19,0.03672,15.47,23.75,103.4,741.6,0.1791,0.3985
18.25,19.98,119.6,1040,0.09463,0.05742,53.91,0.02254,22.88,27.66,153.2,1606,0.1442,0.3063
13.71,20.83,90.2,577.9,0.1189,0.07451,50.96,0.02488,17.06,28.14,110.6,897,0.1654,0.3196
13,21.82,87.5,519.8,0.1273,0.07389,24.32,0.03553,15.49,30.73,106.2,739.3,0.1703,0.4378
12.46,24.04,83.97,475.9,0.1186,0.08243,23.94,0.07743,15.09,40.68,97.65,711.4,0.1853,0.4366
16.02,23.24,102.7,797.8,0.08206,0.05697,40.51,0.01101,19.19,33.88,123.8,1150,0.1181,0.2948
15.78,17.89,103.6,781,0.0971,0.06082,54.16,0.02791,20.42,27.28,136.5,1299,0.1396,0.3792
19.17,24.8,132.4,1123,0.0974,0.078,116.2,0.0889,20.96,29.94,151.7,1332,0.1037,0.3176
15.85,23.95,103.7,782.7,0.08401,0.05338,36.58,0.05051,16.84,27.66,112,876.5,0.1131,0.2809
13.73,22.61,93.6,578.3,0.1131,0.07682,19.21,0.05501,15.03,32.01,108.8,697.7,0.1651,0.3596
14.54,27.54,96.73,658.8,0.1139,0.07077,32.55,0.04741,17.46,37.13,124.1,943.2,0.1678,0.4218
14.68,20.13,94.74,684.5,0.09867,0.05922,45.4,0.01998,19.07,30.88,123.4,1138,0.1464,0.3029
16.13,20.68,108.1,798.8,0.117,0.07356,54.18,0.03188,20.96,31.48,136.8,1315,0.1789,0.3706
19.81,22.15,130,1260,0.09831,0.05395,112.4,0.03391,27.32,30.88,186.8,2398,0.1512,0.2768
13.54,14.36,87.46,566.3,0.09779,0.05766,23.56,0.02387,15.11,19.26,99.7,711.2,0.144,0.2977
13.08,15.71,85.63,520,0.1075,0.06811,14.67,0.01698,14.5,20.49,96.09,630.5,0.1312,0.3184
9.504,12.44,60.34,273.9,0.1024,0.06905,15.7,0.01985,10.23,15.66,65.13,314.9,0.1324,0.245
15.34,14.26,102.5,704.4,0.1073,0.07032,44.91,0.06446,18.07,19.08,125.1,980.9,0.139,0.4667
21.16,23.04,137.2,1404,0.09428,0.05278,93.99,0.01715,29.17,35.59,188,2615,0.1401,0.2822
16.65,21.38,110,904.6,0.1121,0.0633,102.6,0.02741,26.46,31.56,177,2215,0.1805,0.3613
17.14,16.4,116,912.7,0.1186,0.07413,111.4,0.03732,22.25,21.4,152.4,1461,0.1545,0.4066
14.58,21.53,97.41,644.8,0.1054,0.06924,21.05,0.02681,17.62,33.21,122.4,896.9,0.1525,0.4264
18.61,20.25,122.1,1094,0.0944,0.05699,93.54,0.05081,21.31,27.26,139.9,1403,0.1338,0.2341
15.3,25.27,102.4,732.4,0.1082,0.0654,43.5,0.03576,20.27,36.71,149.3,1269,0.1641,0.4027
17.57,15.05,115,955.1,0.09847,0.06149,61.1,0.03407,20.01,19.52,134.9,1227,0.1255,0.2756
18.63,25.11,124.8,1088,0.1064,0.06197,105,0.05196,23.15,34.01,160.5,1670,0.1491,0.3444
11.84,18.7,77.93,440.6,0.1109,0.07799,41,0.04205,16.82,28.12,119.4,888.7,0.1637,0.4761
17.02,23.98,112.8,899.3,0.1197,0.06382,67.78,0.05042,20.88,32.09,136.1,1344,0.1634,0.353
19.27,26.47,127.9,1162,0.09401,0.06261,68.17,0.03497,24.15,30.9,161.4,1813,0.1509,0.3672
16.13,17.88,107,807.2,0.104,0.06515,35.03,0.02664,20.21,27.26,132.7,1261,0.1446,0.427
16.74,21.59,110.1,869.5,0.0961,0.05656,45.19,0.03695,20.01,29.02,133.5,1229,0.1563,0.4863
14.25,21.72,93.63,633,0.09823,0.06125,24.91,0.04815,15.89,30.36,116.2,799.6,0.1446,0.3591
13.03,18.42,82.61,523.8,0.08983,0.05863,14.16,0.01343,13.3,22.81,84.46,545.9,0.09701,0.1987
14.99,25.2,95.54,698.8,0.09387,0.05504,106,0.01818,14.99,25.2,95.54,698.8,0.09387,0.1565
13.48,20.82,88.4,559.2,0.1016,0.06419,18.52,0.03049,15.53,26.02,107.3,740.4,0.161,0.2807
13.44,21.58,86.18,563,0.08162,0.05587,20.53,0.0139,15.93,30.25,102.5,787.9,0.1094,0.2994
10.95,21.35,71.9,371.1,0.1227,0.0687,16.97,0.02595,12.84,35.34,87.22,514,0.1909,0.2964
19.07,24.81,128.3,1104,0.09081,0.06343,104.9,0.09723,24.09,33.17,177.4,1651,0.1247,0.467
13.28,20.28,87.32,545.2,0.1041,0.06782,31.33,0.02185,17.38,28,113.1,907.2,0.153,0.3739
13.17,21.81,85.42,531.5,0.09714,0.06177,14.49,0.01452,16.23,29.89,105.5,740.7,0.1503,0.3693
18.65,17.6,123.7,1076,0.1099,0.06049,71.56,0.05554,22.82,21.32,150.6,1567,0.1679,0.3799
8.196,16.84,51.71,201.9,0.086,0.06503,8.205,0.01588,8.964,21.96,57.26,242.2,0.1297,0.3105
13.17,18.66,85.98,534.6,0.1158,0.06777,24.25,0.02905,15.67,27.95,102.8,759.4,0.1786,0.39
12.05,14.63,78.04,449.3,0.1031,0.06043,19.87,0.02322,13.76,20.7,89.88,582.6,0.1494,0.2747
13.49,22.3,86.91,561,0.08752,0.05718,20.2,0.02095,15.15,31.82,99,698.8,0.1162,0.2871
11.76,21.6,74.72,427.9,0.08637,0.05888,28.47,0.01168,12.98,25.72,82.98,516.5,0.1085,0.2433
13.64,16.34,87.21,571.8,0.07685,0.05953,14.55,0.01079,14.67,23.19,96.08,656.7,0.1089,0.2346
11.94,18.24,75.71,437.6,0.08261,0.0611,17.47,0.01311,13.1,21.33,83.67,527.2,0.1144,0.2785
18.22,18.7,120.3,1033,0.1148,0.0631,98.81,0.02817,20.6,24.13,135.1,1321,0.128,0.3021
15.1,22.02,97.26,712.8,0.09056,0.05684,29.91,0.01603,18.1,31.69,117.7,1030,0.1389,0.2675
11.52,18.75,73.34,409,0.09524,0.05907,23.47,0.01349,12.84,22.47,81.81,506.2,0.1249,0.3306
19.21,18.57,125.5,1152,0.1053,0.05961,102.5,0.02945,26.14,28.14,170.1,2145,0.1624,0.3537
14.71,21.59,95.55,656.9,0.1137,0.06758,40.09,0.02572,17.87,30.7,115.7,985.5,0.1368,0.3698
13.05,19.31,82.61,527.2,0.0806,0.05501,32.96,0.000692,14.23,22.25,90.24,624.1,0.1021,0.2439
8.618,11.79,54.34,224.5,0.09752,0.07187,8.322,0.01981,9.507,15.4,59.9,274.9,0.1733,0.322
10.17,14.88,64.55,311.9,0.1134,0.0696,34.62,0.007665,11.02,17.45,69.86,368.6,0.1275,0.3557
8.598,20.98,54.66,221.8,0.1243,0.06757,18.39,0.03,9.565,27.04,62.06,273.9,0.1639,0.2972
14.25,22.15,96.42,645.7,0.1049,0.07292,60.78,0.06899,17.67,29.51,119.1,959.5,0.164,0.2844
9.173,13.86,59.2,260.9,0.07721,0.06963,23.52,0.04312,10.01,19.23,65.59,310.1,0.09836,0.3282
12.68,23.84,82.69,499,0.1122,0.0659,36.46,0.02973,17.09,33.47,111.8,888.3,0.1851,0.3383
14.78,23.94,97.4,668.3,0.1172,0.06654,35.24,0.02315,17.31,33.39,114.6,925.1,0.1648,0.3321
9.465,21.01,60.11,269.4,0.1044,0.06899,14.2,0.01714,10.41,31.56,67.03,330.7,0.1548,0.2878
11.31,19.04,71.8,394.1,0.08139,0.05667,18.15,0.02063,12.33,23.84,78,466.7,0.129,0.24
9.029,17.33,58.79,250.5,0.1066,0.08046,17.67,0.3038,10.31,22.65,65.5,324.7,0.1482,0.4228
12.78,16.49,81.37,502.5,0.09831,0.05653,18.33,0.01585,13.46,19.76,85.67,554.9,0.1296,0.2383
18.94,21.31,123.6,1130,0.09009,0.05461,96.05,0.02269,24.86,26.58,165.9,1866,0.1193,0.2551
8.888,14.64,58.79,244,0.09783,0.0898,25.44,0.05671,9.733,15.67,62.56,284.4,0.1207,0.2254
17.2,24.52,114.2,929.4,0.1071,0.06487,69.47,0.04252,23.32,33.82,151.6,1681,0.1585,0.3313
13.8,15.79,90.43,584.1,0.1007,0.06566,23.35,0.01759,16.57,20.86,110.3,812.4,0.1411,0.2589
12.31,16.52,79.19,470.9,0.09172,0.05914,19.68,0.01826,14.11,23.21,89.71,611.1,0.1176,0.2618
16.07,19.65,104.1,817.7,0.09168,0.05391,79.25,0.035,19.77,24.56,128.8,1223,0.15,0.265
13.53,10.94,87.91,559.2,0.1291,0.06641,32.65,0.01162,14.08,12.49,91.36,605.5,0.1451,0.271
18.05,16.15,120.2,1006,0.1065,0.06673,134.8,0.04658,22.39,18.91,150.1,1610,0.1478,0.3751
20.18,23.97,143.7,1245,0.1286,0.08142,116.4,0.1091,23.37,31.72,170.3,1623,0.1639,0.544
12.86,18,83.19,506.3,0.09934,0.05997,20.35,0.02071,14.24,24.82,91.88,622.1,0.1289,0.2779
11.45,20.97,73.81,401.5,0.1102,0.07005,24.62,0.02586,13.11,32.16,84.53,525.1,0.1557,0.2762
13.34,15.86,86.49,520,0.1078,0.06902,12.96,0.0398,15.53,23.19,96.66,614.9,0.1536,0.3527
25.22,24.91,171.5,1878,0.1063,0.06782,120,0.0573,30,33.62,211.7,2562,0.1573,0.2355
19.1,26.29,129.1,1132,0.1215,0.07224,67.1,0.02134,20.33,32.72,141.3,1298,0.1392,0.2311
12,15.65,76.95,443.3,0.09723,0.05968,16.16,0.02007,13.67,24.9,87.78,567.9,0.1377,0.3379
18.46,18.52,121.1,1075,0.09874,0.06022,80.6,0.02806,22.93,27.68,152.2,1603,0.1398,0.3695
14.48,21.46,94.25,648.2,0.09444,0.05636,38.87,0.05371,16.21,29.25,108.4,808.9,0.1306,0.302
19.02,24.59,122,1076,0.09029,0.05629,57.65,0.0371,24.56,30.41,152.9,1623,0.1249,0.3956
12.36,21.8,79.78,466.1,0.08772,0.06404,20.95,0.02703,13.83,30.5,91.46,574.7,0.1304,0.2972
14.64,15.24,95.77,651.9,0.1132,0.06346,42.76,0.04436,16.34,18.24,109.4,803.6,0.1277,0.3151
14.62,24.02,94.57,662.7,0.08974,0.05866,33.76,0.01121,16.11,29.11,102.9,803.7,0.1115,0.2522
15.37,22.76,100.2,728.2,0.092,0.06097,29.44,0.04531,16.43,25.84,107.5,830.9,0.1257,0.2556
13.27,14.76,84.74,551.7,0.07355,0.05318,36.35,0.01358,16.36,22.35,104.5,830.6,0.1006,0.2027
13.45,18.3,86.6,555.1,0.1022,0.0571,25.22,0.01872,15.1,25.94,97.59,699.4,0.1339,0.2678
15.06,19.83,100.3,705.6,0.1039,0.06284,47.14,0.04867,18.23,24.23,123.5,1025,0.1551,0.2834
20.26,23.03,132.4,1264,0.09078,0.05649,87.87,0.04232,24.22,31.59,156.1,1750,0.119,0.3689
12.18,17.84,77.79,451.1,0.1045,0.06635,24.44,0.01131,12.83,20.92,82.14,495.2,0.114,0.2227
9.787,19.94,62.11,294.5,0.1024,0.0689,20.05,0.005308,10.92,26.29,68.81,366.1,0.1316,0.1934
11.6,12.84,74.34,412.6,0.08983,0.06582,15.75,0.01693,13.06,17.16,82.96,512.5,0.1431,0.2772
14.42,19.77,94.48,642.5,0.09752,0.0639,26.85,0.03321,16.33,30.86,109.5,826.4,0.1431,0.2718
13.61,24.98,88.05,582.7,0.09488,0.05871,43.14,0.02647,16.99,35.27,108.6,906.5,0.1265,0.2651
6.981,13.43,43.79,143.5,0.117,0.07818,9.833,0,7.93,19.54,50.41,185.2,0.1584,0.2932
12.18,20.52,77.22,458.7,0.08013,0.05677,14.68,0.01069,13.34,32.84,84.58,547.8,0.1123,0.2694
9.876,19.4,63.95,298.3,0.1005,0.06322,11.77,0.03029,10.76,26.83,72.22,361.2,0.1559,0.2622
10.49,19.29,67.41,336.1,0.09989,0.06481,23.13,0.0288,11.54,23.31,74.22,402.8,0.1219,0.2826
13.11,15.56,87.21,530.2,0.1398,0.07692,34.66,0.05473,16.31,22.4,106.4,827.2,0.1862,0.3147
11.64,18.33,75.17,412.5,0.1142,0.0652,20.62,0.02945,13.14,29.26,85.51,521.7,0.1688,0.2806
12.36,18.54,79.01,466.7,0.08477,0.06066,9.227,0.01167,13.29,27.49,85.56,544.1,0.1184,0.2983
22.27,19.67,152.8,1509,0.1326,0.07039,170,0.104,28.4,28.01,206.8,2360,0.1701,0.4055
11.34,21.26,72.48,396.5,0.08759,0.06529,16.41,0.02443,13.01,29.15,83.99,518.1,0.1699,0.2829
9.777,16.99,62.5,290.2,0.1037,0.07065,22.87,0.02722,11.05,21.47,71.68,367,0.1467,0.2533
12.63,20.76,82.15,480.4,0.09933,0.0707,20.48,0.05101,13.33,25.47,89,527.4,0.1287,0.2226
14.26,19.65,97.83,629.9,0.07837,0.07769,29.25,0.1435,15.3,23.73,107,709,0.08949,0.2398
10.51,20.19,68.64,334.2,0.1122,0.07782,19.91,0.04591,11.16,22.75,72.62,374.4,0.13,0.2383
8.726,15.83,55.84,230.9,0.115,0.07633,8.966,0.03259,9.628,19.62,64.48,284.4,0.1724,0.2926
11.93,21.53,76.53,438.6,0.09768,0.06194,24.79,0.01835,13.67,26.15,87.54,583,0.15,0.2438
8.95,15.76,58.74,245.2,0.09462,0.07163,16.94,0.09263,9.414,17.07,63.34,270,0.1179,0.1652
14.87,16.67,98.64,682.5,0.1162,0.06768,41.18,0.03011,18.81,27.37,127.1,1095,0.1878,0.3585
15.78,22.91,105.7,782.6,0.1155,0.07331,58.63,0.0595,20.19,30.5,130.3,1272,0.1855,0.3274
17.95,20.01,114.2,982,0.08402,0.05025,54.04,0.02291,20.58,27.83,129.2,1261,0.1072,0.4882
11.41,10.82,73.34,403.3,0.09373,0.06113,10.5,0.01514,12.82,15.97,83.74,510.5,0.1548,0.3016
18.66,17.12,121.4,1077,0.1054,0.06213,90.47,0.03342,22.25,24.9,145.4,1549,0.1503,0.2894
24.25,20.2,166.2,1761,0.1447,0.06877,233,0.1278,26.02,23.99,180.9,2073,0.1696,0.3222
14.5,10.89,94.28,640.7,0.1101,0.06402,24.19,0.02882,15.7,15.98,102.8,745.5,0.1313,0.2889
13.37,16.39,86.1,553.5,0.07115,0.05823,14.66,0.04957,14.26,22.75,91.99,632.1,0.1025,0.2048
13.85,17.21,88.44,588.7,0.08785,0.0589,17.91,0.009127,15.49,23.58,100.3,725.9,0.1157,0.2364
13.61,24.69,87.76,572.6,0.09258,0.0613,19.83,0.01796,16.89,35.64,113.2,848.7,0.1471,0.347
19,18.91,123.4,1138,0.08217,0.05044,81.23,0.0404,22.32,25.73,148.2,1538,0.1021,0.2841
15.1,16.39,99.58,674.5,0.115,0.06467,39.84,0.03204,16.11,18.33,105.9,762.6,0.1386,0.259
19.79,25.12,130.4,1192,0.1015,0.06113,63.33,0.04755,22.63,33.58,148.7,1589,0.1275,0.3305
12.19,13.29,79.08,455.8,0.1066,0.06471,15.24,0.01018,13.34,17.81,91.38,545.2,0.1427,0.3469
15.46,19.48,101.7,748.9,0.1092,0.05796,48.31,0.02813,19.26,26,124.9,1156,0.1546,0.2837
16.16,21.54,106.2,809.8,0.1008,0.05891,43.68,0.02219,19.47,31.68,129.7,1175,0.1395,0.348
15.71,13.93,102,761.7,0.09462,0.05723,27.94,0.01678,17.5,19.25,114.3,922.8,0.1223,0.2723
18.45,21.91,120.2,1075,0.0943,0.05727,68.35,0.02855,22.52,31.39,145.6,1590,0.1465,0.3109
12.77,22.47,81.72,506.3,0.09055,0.06065,19.87,0.02332,14.49,33.37,92.04,653.6,0.1419,0.2829
11.71,16.67,74.72,423.6,0.1051,0.05945,34.37,0.02662,13.33,25.48,86.16,546.7,0.1271,0.1712
11.43,15.39,73.06,399.8,0.09639,0.05865,12.67,0.01434,12.32,22.02,79.93,462,0.119,0.2676
14.95,17.57,96.85,678.1,0.1167,0.06216,101.9,0.06577,18.55,21.43,121.4,971.4,0.1411,0.3414
11.28,13.39,73,384.8,0.1164,0.06072,26.33,0.02187,11.92,15.77,76.53,434,0.1367,0.2102
9.738,11.97,61.24,288.5,0.0925,0.06422,12.26,0,10.62,14.1,66.53,342.9,0.1234,0.3105
16.11,18.05,105.1,813,0.09721,0.06248,74.08,0.03067,19.92,25.27,129,1233,0.1314,0.2792
11.43,17.31,73.66,398,0.1092,0.06562,21.38,0.01158,12.78,26.76,82.66,503,0.1413,0.2584
12.9,15.92,83.74,512.2,0.08677,0.06235,16.64,0.0151,14.48,21.82,97.17,643.8,0.1312,0.3549
10.75,14.97,68.26,355.3,0.07793,0.05688,17.74,0.02018,11.95,20.72,77.79,441.2,0.1076,0.23
11.9,14.65,78.11,432.8,0.1152,0.07839,25.03,0.02789,13.15,16.51,86.26,509.6,0.1424,0.2727
11.8,16.58,78.99,432,0.1091,0.07371,24.72,0.04649,13.74,26.38,91.93,591.7,0.1385,0.5774
14.95,18.77,97.84,689.5,0.08138,0.06493,39.43,0.05303,16.25,25.47,107.1,809.7,0.0997,0.2852
14.44,15.18,93.97,640.1,0.0997,0.06081,21.2,0.03114,15.85,19.85,108.6,766.9,0.1316,0.2691
13.74,17.91,88.12,585,0.07944,0.0558,21.47,0.0178,15.34,22.46,97.19,725.9,0.09711,0.235
13,20.78,83.51,519.4,0.1135,0.06087,34.78,0.01949,14.16,24.11,90.82,616.7,0.1297,0.3196
8.219,20.7,53.27,203.9,0.09405,0.08261,10.21,0.07753,9.092,29.72,58.08,249.8,0.163,0.3322
9.731,15.34,63.78,300.2,0.1072,0.09296,49.85,0.396,11.02,19.49,71.04,380.5,0.1292,0.3108
11.15,13.08,70.87,381.9,0.09754,0.06105,15.48,0.01196,11.99,16.3,76.25,440.8,0.1341,0.2859
13.15,15.34,85.31,538.9,0.09384,0.06207,22.79,0.03047,14.77,20.5,97.67,677.3,0.1478,0.3849
12.25,17.94,78.27,460.3,0.08654,0.06228,16.51,0.01994,13.59,25.22,86.6,564.2,0.1217,0.3113
17.68,20.74,117.4,963.7,0.1115,0.06166,93.91,0.05206,20.47,25.11,132.9,1302,0.1418,0.2463
16.84,19.46,108.4,880.2,0.07445,0.05268,46.61,0.03056,18.22,28.07,120.3,1032,0.08774,0.2527
12.06,12.74,76.84,448.6,0.09311,0.05907,13.25,0.008342,13.14,18.41,84.08,532.8,0.1275,0.2514
10.9,12.96,68.69,366.8,0.07515,0.05743,18.54,0.001835,12.36,18.2,78.07,470,0.1171,0.2738
11.75,20.18,76.1,419.8,0.1089,0.06453,38.34,0.04167,13.32,26.21,88.91,543.9,0.1358,0.3168
19.19,15.94,126.3,1157,0.08694,0.05176,119.3,0.04344,22.03,17.81,146.6,1495,0.1124,0.2443
19.59,18.15,130.7,1214,0.112,0.06082,97.07,0.04029,26.73,26.39,174.9,2232,0.1438,0.3643
12.34,22.22,79.85,464.5,0.1012,0.06761,21.55,0.03125,13.58,28.68,87.36,553,0.1452,0.2268
23.27,22.04,152.1,1686,0.08439,0.05553,97.85,0.02822,28.01,28.22,184.2,2403,0.1228,0.3589
14.97,19.76,95.5,690.2,0.08421,0.05266,16.64,0.008268,15.98,25.82,102.3,782.1,0.1045,0.2646
10.8,9.71,68.77,357.6,0.09594,0.064,11.48,0.01099,11.6,12.02,73.66,414,0.1436,0.209
16.78,18.8,109.3,886.3,0.08865,0.05534,67.34,0.02626,20.05,26.3,130.7,1260,0.1168,0.281
17.47,24.68,116.1,984.6,0.1049,0.06365,122.3,0.04644,23.14,32.33,155.3,1660,0.1376,0.216
14.97,16.95,96.22,685.9,0.09855,0.0565,24.28,0.007276,16.11,23,104.6,793.7,0.1216,0.2404
12.32,12.39,78.85,464.1,0.1028,0.05955,17.43,0.01683,13.5,15.64,86.97,549.1,0.1385,0.2827
13.43,19.63,85.84,565.4,0.09048,0.05671,43.4,0.02151,17.98,29.87,116.6,993.6,0.1401,0.2884
15.46,11.89,102.5,736.9,0.1257,0.07069,44.64,0.04303,18.79,17.04,125,1102,0.1531,0.3216
11.08,14.71,70.21,372.7,0.1006,0.06669,19.08,0.01453,11.35,16.82,72.01,396.5,0.1216,0.1902
10.66,15.15,67.49,349.6,0.08792,0.05975,21.98,0,11.54,19.2,73.2,408.3,0.1076,0.271
8.671,14.45,54.42,227.2,0.09138,0.06724,11.36,0,9.262,17.04,58.36,259.2,0.1162,0.2592
9.904,18.06,64.6,302.4,0.09699,0.08116,27.48,0.1197,11.26,24.39,73.07,390.2,0.1301,0.2614
16.46,20.11,109.3,832.9,0.09831,0.06323,31.59,0.05371,17.79,28.45,123.5,981.2,0.1415,0.3054
13.01,22.22,82.01,526.4,0.06251,0.05234,14.34,0.001595,14,29.02,88.18,608.8,0.08125,0.2295
12.81,13.06,81.29,508.8,0.08739,0.06133,21.79,0.00618,13.63,16.15,86.7,570.7,0.1162,0.1783
27.22,21.87,182.1,2250,0.1094,0.0577,128.7,0.03109,33.12,32.85,220.8,3216,0.1472,0.2856
21.09,26.57,142.7,1311,0.1141,0.07398,81.46,0.03872,26.68,33.48,176.5,2089,0.1491,0.4098
15.7,20.31,101.2,766.6,0.09597,0.05549,40.98,0.01954,20.11,32.82,129.3,1269,0.1414,0.3437
11.41,14.92,73.53,402,0.09059,0.06217,22.77,0.05915,12.37,17.7,79.12,467.2,0.1121,0.1811
15.28,22.41,98.92,710.6,0.09057,0.06317,19.53,0.01774,17.8,28.03,113.8,973.1,0.1301,0.3175
10.08,15.11,63.76,317.5,0.09267,0.06048,26.43,0.001597,11.87,21.18,75.39,437,0.1521,0.2933
18.31,18.58,118.6,1041,0.08588,0.05425,28.92,0.01412,21.31,26.36,139.2,1410,0.1234,0.3206
11.71,17.19,74.68,420.3,0.09774,0.06095,17.86,0.01978,13.01,21.39,84.42,521.5,0.1323,0.2572
11.81,17.39,75.27,428.9,0.1007,0.0578,14.47,0.01556,12.57,26.48,79.57,489.5,0.1356,0.32
12.3,15.9,78.83,463.7,0.0808,0.05474,18.32,0.02117,13.35,19.59,86.65,546.7,0.1096,0.2482
14.22,23.12,94.37,609.9,0.1075,0.07542,31.72,0.1166,15.74,37.18,106.4,762.4,0.1533,0.5166
12.77,21.41,82.02,507.4,0.08749,0.06287,53.65,0.02176,13.75,23.5,89.04,579.5,0.09388,0.2179
9.72,18.22,60.73,288.1,0.0695,0.06447,21.69,0,9.968,20.83,62.25,303.8,0.07117,0.1909
12.34,26.86,81.15,477.4,0.1034,0.06937,34.44,0.03763,15.65,39.34,101.7,768.9,0.1785,0.3215
14.86,23.21,100.4,671.4,0.1044,0.06672,25.2,0.05551,16.08,27.78,118.6,784.7,0.1316,0.3
12.91,16.33,82.53,516.4,0.07941,0.05667,15.75,0.02321,13.88,22,90.81,600.6,0.1097,0.3024
13.77,22.29,90.63,588.9,0.12,0.06877,49.7,0.04665,16.39,34.01,111.6,806.9,0.1737,0.308
18.08,21.84,117.4,1024,0.07371,0.0534,76.36,0.0611,19.76,24.7,129.1,1228,0.08822,0.2369
19.18,22.49,127.5,1148,0.08523,0.05529,54.22,0.02706,23.36,32.06,166.4,1688,0.1322,0.3193
14.45,20.22,94.49,642.7,0.09872,0.06466,19.42,0.02,18.33,30.12,117.9,1044,0.1552,0.4753
12.23,19.56,78.54,461,0.09586,0.06013,27.24,0.01401,14.44,28.36,92.15,638.4,0.1429,0.2668
17.54,19.32,115.1,951.6,0.08968,0.05491,40.73,0.02713,20.42,25.84,139.5,1239,0.1381,0.2928
23.29,26.67,158.9,1685,0.1141,0.06229,83.16,0.08958,25.12,32.68,177,1986,0.1536,0.3198
13.81,23.75,91.56,597.8,0.1323,0.07421,52.72,0.03112,19.2,41.85,128.5,1153,0.2226,0.4432
12.47,18.6,81.09,481.9,0.09965,0.06373,30.29,0.02701,14.97,24.64,96.05,677.9,0.1426,0.3014
15.12,16.68,98.78,716.6,0.08876,0.05986,26.44,0.02039,17.77,20.24,117.7,989.5,0.1491,0.3415
9.876,17.27,62.92,295.4,0.1089,0.06285,12.33,0.007975,10.42,23.22,67.08,331.6,0.1415,0.2989
17.01,20.26,109.7,904.3,0.08772,0.05223,68.46,0.01946,19.8,25.05,130,1210,0.1111,0.3275
13.11,22.54,87.02,529.4,0.1002,0.0731,15.09,0.02526,14.55,29.16,99.48,639.3,0.1349,0.4128
15.27,12.91,98.17,725.5,0.08182,0.05526,20,0.01841,17.38,15.92,113.7,932.7,0.1222,0.232
20.58,22.14,134.7,1290,0.0909,0.05024,111.7,0.05489,23.24,27.84,158.3,1656,0.1178,0.2909
11.84,18.94,75.51,428,0.08871,0.06057,17.12,0.02045,13.3,24.99,85.22,546.3,0.128,0.2535
28.11,18.47,188.5,2499,0.1142,0.05525,525.6,0.06389,28.11,18.47,188.5,2499,0.1142,0.1648
17.42,25.56,114.5,948,0.1006,0.05866,58.53,0.1438,18.07,28.07,120.4,1021,0.1243,0.1603
14.19,23.81,92.87,610.7,0.09463,0.06433,31,0.03688,16.86,34.85,115,811.3,0.1559,0.4724
13.86,16.93,90.96,578.9,0.1026,0.06916,22.69,0.03909,15.75,26.93,104.4,750.1,0.146,0.363
11.89,18.35,77.32,432.2,0.09363,0.06314,21.46,0.05946,13.25,27.1,86.2,531.2,0.1405,0.3397
10.2,17.48,65.05,321.2,0.08054,0.06315,22.79,0.05774,11.48,24.47,75.4,403.7,0.09527,0.2868
19.8,21.56,129.7,1230,0.09383,0.05581,124.4,0.03446,25.73,28.64,170.3,2009,0.1353,0.307
19.53,32.47,128,1223,0.0842,0.05313,109.9,0.02664,27.9,45.41,180.2,2477,0.1408,0.2713
13.65,13.16,87.88,568.9,0.09646,0.06344,17.4,0.01652,15.34,16.35,99.71,706.2,0.1311,0.238
13.56,13.9,88.59,561.3,0.1051,0.06303,21.03,0.02544,14.98,17.13,101.1,686.6,0.1376,0.3065
10.18,17.53,65.12,313.1,0.1061,0.06908,15.05,0.008534,11.17,22.84,71.94,375.6,0.1406,0.3055
15.75,20.25,102.6,761.3,0.1025,0.06303,32.19,0.02384,19.56,30.29,125.9,1088,0.1552,0.3993
13.27,17.02,84.55,546.4,0.08445,0.05674,24.68,0.02259,15.14,23.6,98.84,708.8,0.1276,0.2506
14.34,13.47,92.51,641.2,0.09906,0.05448,48.29,0.0236,16.77,16.9,110.4,873.2,0.1297,0.3062
10.44,15.46,66.62,329.6,0.1053,0.0645,11.86,0.002817,11.52,19.8,73.47,395.4,0.1341,0.2615
15,15.51,97.45,684.5,0.08371,0.05907,19.88,0.03644,16.41,19.31,114.2,808.2,0.1136,0.2954
12.62,23.97,81.35,496.4,0.07903,0.06019,18.51,0.03016,14.2,31.31,90.67,624,0.1227,0.2826
12.83,22.33,85.26,503.2,0.1088,0.07254,25.13,0.04683,15.2,30.15,105.3,706,0.1777,0.3407
17.05,19.08,113.4,895,0.1141,0.06325,31.98,0.03055,19.59,24.89,133.5,1189,0.1703,0.3109
11.32,27.08,71.76,395.7,0.06883,0.05628,8.605,0.01633,12.08,33.75,79.82,452.3,0.09203,0.2849
11.22,33.81,70.79,386.8,0.0778,0.05828,15.46,0.003223,12.36,41.78,78.44,470.9,0.09994,0.2911
20.51,27.81,134.4,1319,0.09159,0.05592,70.01,0.03457,24.47,37.38,162.7,1872,0.1223,0.2437
9.567,15.91,60.21,279.6,0.08464,0.06403,12.64,0.01186,10.51,19.16,65.74,335.9,0.1504,0.2757
14.03,21.25,89.79,603.4,0.0907,0.05835,22.07,0.007302,15.33,30.28,98.27,715.5,0.1287,0.2226
23.21,26.97,153.5,1670,0.09509,0.06309,155.8,0.04497,31.01,34.51,206,2944,0.1481,0.3103
20.48,21.46,132.5,1306,0.08355,0.05177,83.5,0.04257,24.22,26.17,161.7,1750,0.1228,0.2238
14.22,27.85,92.55,623.9,0.08223,0.06129,29.96,0.0385,15.75,40.54,102.5,764,0.1081,0.189
17.46,39.28,113.4,920.6,0.09812,0.05966,49,0.02602,22.51,44.87,141.2,1408,0.1365,0.2853
13.64,15.6,87.38,575.3,0.09423,0.0566,27.19,0.0181,14.85,19.05,94.11,683.4,0.1278,0.253
12.42,15.04,78.61,476.5,0.07926,0.05754,9.006,0.006493,13.2,20.37,83.85,543.4,0.1037,0.2901
11.3,18.19,73.93,389.4,0.09592,0.07669,16.39,0.0888,12.58,27.96,87.16,472.9,0.1347,0.3308
13.75,23.77,88.54,590,0.08043,0.05429,39.93,0.03371,15.01,26.34,98,706,0.09368,0.2663
19.4,23.5,129.1,1155,0.1027,0.06,60.41,0.03915,21.65,30.53,144.9,1417,0.1463,0.292
10.48,19.86,66.72,337.7,0.107,0.0644,23.22,0.01865,11.48,29.46,73.68,402.8,0.1515,0.2883
13.2,17.43,84.13,541.6,0.07215,0.05635,13.56,0.03079,13.94,27.82,88.28,602,0.1101,0.2767
12.89,14.11,84.95,512.2,0.0876,0.06409,16.35,0.08158,14.39,17.7,105,639.1,0.1254,0.2639
10.65,25.22,68.01,347,0.09657,0.06329,16.64,0.01081,12.25,35.19,77.98,455.7,0.1499,0.3409
11.52,14.93,73.87,406.3,0.1013,0.06168,18.62,0.02105,12.65,21.19,80.88,491.8,0.1389,0.2664
20.94,23.56,138.9,1364,0.1007,0.05898,137.9,0.09518,25.58,27,165.3,2010,0.1211,0.3126
11.5,18.45,73.28,407.4,0.09345,0.05934,26.99,0.01245,12.97,22.46,83.12,508.9,0.1183,0.274
19.73,19.82,130.7,1206,0.1062,0.06697,92.81,0.068,25.28,25.59,159.8,1933,0.171,0.2749
17.3,17.08,113,928.2,0.1008,0.05613,33.63,0.02332,19.85,25.09,130.9,1222,0.1416,0.3138
19.45,19.33,126.5,1169,0.1035,0.05647,71,0.02749,25.7,24.57,163.1,1972,0.1497,0.3379
13.96,17.05,91.43,602.4,0.1096,0.0613,35.74,0.03119,16.39,22.07,108.1,826,0.1512,0.3068
19.55,28.77,133.6,1207,0.0926,0.06232,106.4,0.03863,25.05,36.27,178.6,1926,0.1281,0.2818
15.32,17.27,103.2,713.3,0.1335,0.07596,59.46,0.04983,17.73,22.66,119.8,928.8,0.1765,0.3258
15.66,23.2,110.2,773.5,0.1109,0.08104,138.5,0.08232,19.85,31.64,143.7,1226,0.1504,0.3277
15.53,33.56,103.7,744.9,0.1063,0.0665,23.02,0.02889,18.49,49.54,126.3,1035,0.1883,0.3512
20.31,27.06,132.9,1288,0.1,0.05572,52.34,0.02117,24.33,39.16,162.3,1844,0.1522,0.3151
17.35,23.06,111,933.1,0.08662,0.05307,44.41,0.01246,19.85,31.47,128.2,1218,0.124,0.2452
17.29,22.13,114.4,947.8,0.08999,0.05464,90.94,0.04638,20.39,27.24,137.9,1295,0.1134,0.3067
15.61,19.38,100,758.6,0.0784,0.05443,22.18,0.01311,17.91,31.67,115.9,988.6,0.1084,0.2683
17.19,22.07,111.6,928.3,0.09726,0.0558,45.42,0.02048,21.58,29.33,140.5,1436,0.1558,0.3216
20.73,31.12,135.7,1419,0.09469,0.05674,199.7,0.02143,32.49,47.16,214,3432,0.1401,0.2868
10.6,18.95,69.28,346.4,0.09688,0.06491,27.1,0.03354,11.88,22.94,78.28,424.8,0.1213,0.294
13.59,21.84,87.16,561,0.07956,0.05859,26.76,0.03099,14.8,30.04,97.66,661.5,0.1005,0.2446
12.87,16.21,82.38,512.2,0.09425,0.05769,18.24,0.02589,13.9,23.64,89.27,597.5,0.1256,0.3604
10.71,20.39,69.5,344.9,0.1082,0.06862,20.74,0.07339,11.69,25.21,76.51,410.4,0.1335,0.2605
14.29,16.82,90.3,632.6,0.06429,0.05376,10.77,0.004826,14.91,20.65,94.44,684.6,0.08567,0.2458
11.29,13.04,72.23,388,0.09834,0.0627,13.17,0.01282,12.32,16.18,78.27,457.5,0.1358,0.2733
21.75,20.99,147.3,1491,0.09401,0.06194,156.8,0.06329,28.19,28.18,195.9,2384,0.1272,0.2833
9.742,15.67,61.5,289.9,0.09037,0.06312,16.39,0.008347,10.75,20.88,68.09,355.2,0.1467,0.2841
17.93,24.48,115.2,998.9,0.08855,0.0551,45.81,0.01622,20.92,34.69,135.1,1320,0.1315,0.2504
11.89,17.36,76.2,435.6,0.1225,0.05875,48.84,0.01267,12.4,18.99,79.46,472.4,0.1359,0.222
11.33,14.16,71.79,396.6,0.09379,0.05821,17.09,0.001487,12.2,18.99,77.37,458,0.1259,0.2758
18.81,19.98,120.9,1102,0.08923,0.04996,36.74,0.02623,19.96,24.3,129,1236,0.1243,0.2567
13.59,17.84,86.24,572.3,0.07948,0.0552,22.22,0.01065,15.5,26.1,98.91,739.1,0.105,0.2335
13.85,15.18,88.99,587.4,0.09516,0.05853,19.41,0.01457,14.98,21.74,98.37,670,0.1185,0.2955
19.16,26.6,126.2,1138,0.102,0.0622,69.65,0.03988,23.72,35.9,159.8,1724,0.1782,0.3258
11.74,14.02,74.24,427.3,0.07813,0.06113,37.83,0.01514,13.31,18.26,84.7,533.7,0.1036,0.3101
19.4,18.18,127.2,1145,0.1037,0.05892,53.16,0.03059,23.79,28.65,152.4,1628,0.1518,0.359
16.24,18.77,108.8,805.1,0.1066,0.06684,28.09,0.03872,18.55,25.09,126.9,1031,0.1365,0.277
12.89,15.7,84.08,516.6,0.07818,0.05935,23.29,0.07927,13.9,19.69,92.12,595.6,0.09926,0.1999
12.58,18.4,79.83,489,0.08393,0.05855,22.45,0.00186,13.5,23.08,85.56,564.1,0.1038,0.2505
11.94,20.76,77.87,441,0.08605,0.06766,21.91,0.04387,13.24,27.29,92.2,546.1,0.1116,0.2465
12.89,13.12,81.89,515.9,0.06955,0.05581,12.68,0.01652,13.62,15.54,87.4,577,0.09616,0.2309
11.26,19.96,73.72,394.1,0.0802,0.06233,34.68,0.08099,11.86,22.33,78.27,437.6,0.1028,0.2955
11.37,18.89,72.17,396,0.08713,0.05955,17.49,0.01376,12.36,26.14,79.29,459.3,0.1118,0.3267
14.41,19.73,96.03,651,0.08757,0.07192,77.11,0.0996,15.77,22.13,101.7,767.3,0.09983,0.2272
14.96,19.1,97.03,687.3,0.08992,0.05852,24.87,0.01536,16.25,26.19,109.1,809.8,0.1313,0.2962
12.95,16.02,83.14,513.7,0.1005,0.0647,17.67,0.02335,13.74,19.93,88.81,585.4,0.1483,0.338
11.85,17.46,75.54,432.7,0.08372,0.05715,13.88,0.01412,13.06,25.75,84.35,517.8,0.1369,0.3101
12.72,13.78,81.78,492.1,0.09667,0.061,13.38,0.006564,13.5,17.48,88.54,553.7,0.1298,0.2369
13.77,13.27,88.06,582.7,0.09198,0.05912,17.74,0.004272,14.67,16.93,94.17,661.1,0.117,0.2823
10.91,12.35,69.14,363.7,0.08518,0.06031,11.09,0.01072,11.37,14.82,72.42,392.2,0.09312,0.2143
11.76,18.14,75,431.1,0.09968,0.06287,49.11,0.01272,13.36,23.39,85.1,553.6,0.1137,0.1978
14.26,18.17,91.22,633.1,0.06576,0.05586,20.56,0.01079,16.22,25.26,105.8,819.7,0.09445,0.2636
10.51,23.09,66.85,334.2,0.1015,0.06556,20.56,0.01861,10.93,24.22,70.1,362.7,0.1143,0.2227
19.53,18.9,129.5,1217,0.115,0.06552,133,0.05638,25.93,26.24,171.1,2053,0.1495,0.2968
12.46,19.89,80.43,471.3,0.08451,0.06249,28.32,0.04712,13.46,23.07,88.13,551.3,0.105,0.2685
20.09,23.86,134.7,1247,0.108,0.07469,130.8,0.07649,23.68,29.43,158.8,1696,0.1347,0.3294
10.49,18.61,66.86,334.3,0.1068,0.066,10.08,0.01808,11.06,24.54,70.76,375.4,0.1413,0.2213
11.46,18.16,73.59,403.1,0.08853,0.06243,22.93,0.02221,12.68,21.61,82.69,489.8,0.1144,0.2208
11.6,24.49,74.23,417.2,0.07474,0.05878,18.21,0.01596,12.44,31.62,81.39,476.5,0.09545,0.3244
13.2,15.82,84.07,537.3,0.08511,0.05894,15.5,0.001128,14.41,20.45,92,636.9,0.1128,0.2651
9,14.4,56.36,246.3,0.07005,0.06833,9.789,0.003681,9.699,20.07,60.9,285.5,0.09861,0.2991
13.5,12.71,85.69,566.2,0.07376,0.05335,20.39,0.00203,14.97,16.94,95.48,698.7,0.09023,0.2267
13.05,13.84,82.71,530.6,0.08352,0.05518,33.01,0.002831,14.73,17.4,93.96,672.4,0.1016,0.2107
11.7,19.11,74.33,418.7,0.08814,0.06128,11.28,0.01042,12.61,26.55,80.92,483.1,0.1223,0.3487
14.61,15.69,92.68,664.9,0.07618,0.05255,28.9,0.005325,16.46,21.75,103.7,840.8,0.1011,0.253
12.76,13.37,82.29,504.1,0.08794,0.0614,25.18,0.03137,14.19,16.4,92.04,618.8,0.1194,0.2564
11.54,10.72,73.73,409.1,0.08597,0.061,9.438,0.01003,12.34,12.87,81.23,467.8,0.1092,0.339
8.597,18.6,54.09,221.2,0.1074,0.07359,17.81,0,8.952,22.44,56.65,240.1,0.1347,0.3142
12.49,16.85,79.19,481.6,0.08511,0.05673,12.69,0.00262,13.34,19.71,84.48,544.2,0.1104,0.1917
12.18,14.08,77.25,461.4,0.07734,0.05649,15.82,0.01123,12.85,16.47,81.6,513.1,0.1001,0.2293
18.22,18.87,118.7,1027,0.09746,0.05664,48.9,0.02408,21.84,25,140.9,1485,0.1434,0.2812
9.042,18.9,60.07,244.5,0.09968,0.08743,24.2,0.1027,10.06,23.4,68.62,297.1,0.1221,0.3135
12.43,17,78.6,477.3,0.07557,0.05561,31.16,0.009959,12.9,20.21,81.76,515.9,0.08409,0.1901
10.25,16.18,66.52,324.2,0.1061,0.07279,22.68,0.04004,11.28,20.61,71.53,390.4,0.1402,0.2608
20.16,19.66,131.1,1274,0.0802,0.05096,74.85,0.02645,23.06,23.03,150.2,1657,0.1054,0.3055
12.86,13.32,82.82,504.8,0.1134,0.06476,16.57,0.01902,14.04,21.08,92.8,599.5,0.1547,0.2382
20.34,21.51,135.9,1264,0.117,0.0667,69.06,0.0319,25.3,31.86,171.1,1938,0.1592,0.5558
12.2,15.21,78.01,457.9,0.08673,0.06129,19.01,0.01051,13.75,21.38,91.11,583.1,0.1256,0.2661
12.67,17.3,81.25,489.9,0.1028,0.05984,17.61,0.01329,13.71,21.1,88.7,574.4,0.1384,0.2688
14.11,12.88,90.03,616.5,0.09309,0.057,23.92,0.005717,15.53,18,98.4,749.9,0.1281,0.21
12.03,17.93,76.09,446,0.07683,0.0607,16.97,0.001184,13.07,22.25,82.74,523.4,0.1013,0.2171
16.27,20.71,106.9,813.7,0.1169,0.06277,44.41,0.03248,19.28,30.38,129.8,1121,0.159,0.3103
16.26,21.88,107.5,826.8,0.1165,0.06532,57.72,0.05839,17.73,25.21,113.7,975.2,0.1426,0.2736
16.03,15.51,105.8,793.2,0.09491,0.05976,33.27,0.03715,18.76,21.98,124.3,1070,0.1435,0.3019
12.98,19.35,84.52,514,0.09579,0.0654,20.65,0.04393,14.42,21.95,99.21,634.3,0.1288,0.3596
11.22,19.86,71.94,387.3,0.1054,0.06028,19.62,0.003297,11.98,25.78,76.91,436.1,0.1424,0.3292
11.25,14.78,71.38,390,0.08306,0.06081,15.07,0.0009737,12.76,22.06,82.08,492.7,0.1166,0.2815
12.3,19.02,77.88,464.4,0.08313,0.05945,13.24,0.007004,13.35,28.46,84.53,544.3,0.1222,0.2554
17.06,21,111.8,918.6,0.1119,0.06071,87.17,0.04502,20.99,33.15,143.2,1362,0.1449,0.2623
12.99,14.23,84.08,514.3,0.09462,0.07238,14.41,0.03113,13.72,16.91,87.38,576,0.1142,0.2432
18.77,21.43,122.9,1092,0.09116,0.06083,88.25,0.03914,24.54,34.37,161.1,1873,0.1498,0.3679
10.05,17.53,64.41,310.8,0.1007,0.06331,16.85,0.0169,11.16,26.84,71.98,384,0.1402,0.2894
23.51,24.27,155.1,1747,0.1069,0.05506,164.1,0.03582,30.67,30.73,202.4,2906,0.1515,0.2593
14.42,16.54,94.15,641.2,0.09751,0.06412,32.14,0.0384,16.67,21.51,111.4,862.1,0.1294,0.3053
9.606,16.84,61.64,280.5,0.08481,0.07125,12.07,0.05028,10.75,23.07,71.25,353.6,0.1233,0.2982
11.06,14.96,71.49,373.9,0.1033,0.06907,10.8,0.02758,11.92,19.9,79.76,440,0.1418,0.3301
19.68,21.68,129.9,1194,0.09797,0.05715,67.66,0.04345,22.75,34.66,157.6,1540,0.1218,0.4045
11.71,15.45,75.03,420.3,0.115,0.06506,24.53,0.01651,13.06,18.16,84.16,516.4,0.146,0.2765
10.26,14.71,66.2,321.6,0.09882,0.07005,19.33,0.02611,10.88,19.48,70.89,357.1,0.136,0.2434
12.06,18.9,76.66,445.3,0.08386,0.06048,18.02,0.005832,13.64,27.06,86.54,562.6,0.1289,0.288
14.76,14.74,94.87,668.7,0.08875,0.05912,29.06,0.01855,17.27,17.93,114.2,880.8,0.122,0.3109
11.47,16.03,73.02,402.7,0.09076,0.06372,12.25,0.0094,12.51,20.79,79.67,475.8,0.1531,0.2851
11.95,14.96,77.23,426.7,0.1158,0.06581,26.65,0.007816,12.81,17.72,83.09,496.2,0.1293,0.3124
11.66,17.07,73.7,421,0.07561,0.05731,26.03,0.005949,13.28,19.74,83.61,542.5,0.09958,0.2731
15.75,19.22,107.1,758.6,0.1243,0.07603,51.22,0.09953,17.36,24.17,119.4,915.3,0.155,0.4245
25.73,17.46,174.2,2010,0.1149,0.06121,153.1,0.04266,33.13,23.58,229.3,3234,0.153,0.369
15.08,25.74,98,716.6,0.1024,0.06464,63.37,0.04912,18.51,33.22,121.2,1050,0.166,0.2654
11.14,14.07,71.24,384.6,0.07274,0.06083,28.84,0.04505,12.12,15.82,79.62,453.5,0.08864,0.2576
12.56,19.07,81.92,485.8,0.0876,0.06184,27.49,0.06271,13.37,22.43,89.02,547.4,0.1096,0.2121
13.05,18.59,85.09,512,0.1082,0.06501,21.57,0.05112,14.19,24.85,94.22,591.2,0.1343,0.3113
13.87,16.21,88.52,593.7,0.08743,0.05883,20.74,0.005254,15.11,25.58,96.74,694.4,0.1153,0.2362
8.878,15.49,56.74,241,0.08293,0.06621,30.18,0.03214,9.981,17.7,65.27,302,0.1015,0.2434
9.436,18.32,59.82,278.6,0.1009,0.06959,30.48,0.02348,12.02,25.02,75.79,439.6,0.1333,0.2454
12.54,18.07,79.42,491.9,0.07436,0.05185,28.3,0.0007929,13.72,20.98,86.82,585.7,0.09293,0.2233
13.3,21.57,85.24,546.1,0.08582,0.05696,20.98,0.01795,14.2,29.2,92.94,621.2,0.114,0.2637
12.76,18.84,81.87,496.6,0.09676,0.06183,17.26,0.01529,13.75,25.99,87.82,579.7,0.1298,0.2744
16.5,18.29,106.6,838.1,0.09686,0.05593,33.58,0.01832,18.13,25.45,117.2,1009,0.1338,0.2394
13.4,16.95,85.48,552.4,0.07937,0.05701,13.22,0.01451,14.73,21.7,93.76,663.5,0.1213,0.2741
20.44,21.78,133.8,1293,0.0915,0.05557,72.44,0.02375,24.31,26.37,161.2,1780,0.1327,0.2609
20.2,26.83,133.7,1234,0.09905,0.0602,103.6,0.05904,24.19,33.81,160,1671,0.1278,0.3271
12.21,18.02,78.31,458.4,0.09231,0.05916,18.57,0.02,14.29,24.04,93.85,624.6,0.1368,0.3218
21.71,17.25,140.9,1546,0.09384,0.05054,224.1,0.02096,30.75,26.44,199.5,3143,0.1363,0.251
22.01,21.9,147.2,1482,0.1063,0.0614,130.2,0.03576,27.66,25.8,195,2227,0.1294,0.2741
16.35,23.29,109,840.4,0.09742,0.06218,45.5,0.06072,19.38,31.03,129.3,1165,0.1415,0.4824
15.19,13.21,97.65,711.8,0.07963,0.05544,17.72,0.01551,16.2,15.73,104.5,819.1,0.1126,0.2487
21.37,15.1,141.3,1386,0.1001,0.06183,39.06,0.03437,22.69,21.84,152.1,1535,0.1192,0.273
20.64,17.35,134.8,1335,0.09446,0.05478,77.02,0.02681,25.37,23.17,166.8,1946,0.1562,0.2689
13.69,16.07,87.84,579.1,0.08302,0.05669,14,0.01169,14.84,20.21,99.16,670.6,0.1105,0.3323
16.17,16.07,106.3,788.5,0.0988,0.06572,14.91,0.01951,16.97,19.14,113.1,861.5,0.1235,0.3153
10.57,20.22,70.15,338.3,0.09073,0.0845,7.228,0.1535,10.85,22.82,76.51,351.9,0.1143,0.2597
13.46,28.21,85.89,562.1,0.07517,0.05763,14.91,0.007508,14.69,35.63,97.11,680.6,0.1108,0.2694
13.66,15.15,88.27,580.6,0.08268,0.05897,11.35,0.02443,14.54,19.64,97.96,657,0.1275,0.3387
11.08,18.83,73.3,361.6,0.1216,0.0795,13.99,0.04588,13.24,32.82,91.76,508.1,0.2184,0.4154
11.27,12.96,73.16,386.3,0.1237,0.06914,16.04,0.02101,12.84,20.53,84.93,476.1,0.161,0.3343
11.04,14.93,70.67,372.7,0.07987,0.06246,11.68,0.01723,12.09,20.83,79.73,447.1,0.1095,0.3202
12.05,22.72,78.75,447.8,0.06935,0.06659,9.549,0.04305,12.57,28.71,87.36,488.4,0.08799,0.2191
12.39,17.48,80.64,462.9,0.1042,0.06588,19.2,0.04757,14.18,23.13,95.23,600.5,0.1427,0.2819
13.28,13.72,85.79,541.8,0.08363,0.05594,15.26,0.02828,14.24,17.37,96.59,623.7,0.1166,0.2736
14.6,23.29,93.97,664.7,0.08682,0.05416,33.01,0.03389,15.79,31.71,102.2,758.2,0.1312,0.2477
12.21,14.09,78.78,462,0.08108,0.06154,19.96,0.04344,13.13,19.29,87.65,529.9,0.1026,0.2677
13.88,16.16,88.37,596.6,0.07026,0.05474,23.12,0.01988,15.51,19.97,99.66,745.3,0.08484,0.2542
11.27,15.5,73.38,392,0.08365,0.07252,22.97,0.09472,12.04,18.93,79.73,450,0.1102,0.2157
19.55,23.21,128.9,1174,0.101,0.05884,70.1,0.07469,20.82,30.44,142,1313,0.1251,0.2576
10.26,12.22,65.75,321.6,0.09996,0.06569,11.88,0.008496,11.38,15.65,73.23,394.5,0.1343,0.2937
8.734,16.84,55.27,234.3,0.1039,0.07098,28.85,0,10.17,22.8,64.01,317,0.146,0.2445
15.49,19.97,102.4,744.7,0.116,0.06744,66.91,0.04972,21.2,29.41,142.1,1359,0.1681,0.3187
21.61,22.28,144.4,1407,0.1167,0.06606,80.99,0.04718,26.23,28.74,172,2081,0.1502,0.3828
12.1,17.72,78.07,446.2,0.1029,0.06161,22.22,0.01843,13.56,25.8,88.33,559.5,0.1432,0.3049
14.06,17.18,89.75,609.1,0.08045,0.05764,12.67,0.01132,14.92,25.34,96.42,684.5,0.1066,0.2523
13.51,18.89,88.1,558.1,0.1059,0.06079,19.29,0.03304,14.8,27.2,97.33,675.2,0.1428,0.2666
12.8,17.46,83.05,508.3,0.08044,0.0575,30.57,0.04545,13.74,21.06,90.72,591,0.09534,0.1988
11.06,14.83,70.31,378.2,0.07741,0.06214,12.98,0.0194,12.68,20.35,80.79,496.7,0.112,0.259
11.8,17.26,75.26,431.9,0.09087,0.06019,25.06,0.02079,13.45,24.49,86,562,0.1244,0.2779
17.91,21.02,124.4,994,0.123,0.07115,41.51,0.06165,20.8,27.78,149.6,1304,0.1873,0.3245
11.93,10.91,76.14,442.7,0.08872,0.05541,18.95,0.01376,13.8,20.14,87.64,589.5,0.1374,0.246
12.96,18.29,84.18,525.2,0.07351,0.05899,20.21,0.03452,14.13,24.61,96.31,621.9,0.09329,0.3207
12.94,16.17,83.18,507.6,0.09879,0.062,11.36,0.01613,13.86,23.02,89.69,580.9,0.1172,0.3297
12.34,14.95,78.29,469.1,0.08682,0.05708,30.15,0.01307,13.18,16.85,84.11,533.1,0.1048,0.2298
10.94,18.59,70.39,370,0.1004,0.06615,25.78,0.0199,12.4,25.58,82.76,472.4,0.1363,0.2251
16.14,14.86,104.3,800,0.09495,0.05875,21.83,0.01831,17.71,19.58,115.9,947.9,0.1206,0.2778
12.85,21.37,82.63,514.5,0.07551,0.06114,41.24,0.05175,14.4,27.01,91.63,645.8,0.09402,0.2488
17.99,20.66,117.8,991.7,0.1036,0.06069,49.81,0.02509,21.08,25.41,138.1,1349,0.1482,0.306
12.27,17.92,78.41,466.1,0.08685,0.05597,25.79,0.02059,14.1,28.88,89,610.2,0.124,0.3455
11.36,17.57,72.49,399.8,0.08858,0.05913,13.66,0.01163,13.05,36.32,85.07,521.3,0.1453,0.2973
11.04,16.83,70.92,373.2,0.1077,0.0634,13.54,0.01056,12.41,26.44,79.93,471.4,0.1369,0.2998
9.397,21.68,59.75,268.8,0.07969,0.06724,6.802,0.03735,9.965,27.99,66.61,301,0.1086,0.2376
14.99,22.11,97.53,693.7,0.08515,0.05913,28.51,0.03312,16.76,31.55,110.2,867.1,0.1077,0.3163
15.13,29.81,96.71,719.5,0.0832,0.05294,45.38,0.02489,17.26,36.91,110.1,931.4,0.1148,0.3233
11.89,21.17,76.39,433.8,0.09773,0.0629,19.53,0.0163,13.05,27.21,85.09,522.9,0.1426,0.3075
9.405,21.7,59.6,271.2,0.1044,0.06601,25.17,0.01367,10.85,31.24,68.73,359.4,0.1526,0.2872
15.5,21.08,102.9,803.1,0.112,0.06864,176.5,0.04493,23.17,27.65,157.1,1748,0.1517,0.3003
12.7,12.17,80.88,495,0.08785,0.06275,17.37,0.009075,13.65,16.92,88.12,566.9,0.1314,0.2775
11.16,21.41,70.95,380.3,0.1018,0.06144,18.99,0.006972,12.36,28.92,79.26,458,0.1282,0.2976
11.57,19.04,74.2,409.7,0.08546,0.06267,20.3,0.04447,13.07,26.98,86.43,520.5,0.1249,0.3035
14.69,13.98,98.22,656.1,0.1031,0.07406,49.45,0.05278,16.46,18.34,114.1,809.2,0.1312,0.2827
11.61,16.02,75.46,408.2,0.1088,0.0632,15.89,0.02631,12.64,19.67,81.93,475.7,0.1415,0.2787
13.66,19.13,89.46,575.3,0.09057,0.06181,19.36,0.03669,15.14,25.5,101.4,708.8,0.1147,0.2744
9.742,19.12,61.93,289.7,0.1075,0.07029,43.52,0.006021,11.21,23.17,71.79,380.9,0.1398,0.3196
10.03,21.28,63.19,307.3,0.08117,0.06439,11.6,0.002074,11.11,28.94,69.92,376.3,0.1126,0.2349
10.48,14.98,67.49,333.6,0.09816,0.06915,20.77,0.05263,12.13,21.57,81.41,440.4,0.1327,0.302
10.8,21.98,68.79,359.9,0.08801,0.05977,20.2,0.02991,12.76,32.04,83.69,489.5,0.1303,0.2965
11.13,16.62,70.47,381.1,0.08151,0.06148,9.704,0.009398,11.68,20.29,74.35,421.1,0.103,0.2383
12.72,17.67,80.98,501.3,0.07896,0.05544,23.24,0.005383,13.82,20.96,88.87,586.8,0.1068,0.2165
14.9,22.53,102.1,685,0.09947,0.06898,24.19,0.07926,16.35,27.57,125.4,832.7,0.1419,0.2866
12.4,17.68,81.47,467.8,0.1054,0.07102,15.43,0.04861,12.88,22.91,89.61,515.8,0.145,0.2556
20.18,19.54,133.8,1250,0.1133,0.06053,52.49,0.05546,22.03,25.07,146,1479,0.1665,0.3032
18.82,21.97,123.7,1110,0.1018,0.06132,103.9,0.05321,22.66,30.93,145.3,1603,0.139,0.3007
14.86,16.94,94.89,673.7,0.08924,0.05703,23.92,0.01461,16.31,20.54,102.3,777.5,0.1218,0.2525
13.98,19.62,91.12,599.5,0.106,0.06544,18.85,0.02185,17.04,30.8,113.9,869.3,0.1613,0.3179
12.87,19.54,82.67,509.2,0.09136,0.06347,26.5,0.007066,14.45,24.38,95.14,626.9,0.1214,0.3313
14.04,15.98,89.78,611.2,0.08458,0.05898,32.74,0.01608,15.66,21.58,101.2,750,0.1195,0.2725
13.85,19.6,88.68,592.6,0.08684,0.05673,29.63,0.005812,15.63,28.01,100.9,749.1,0.1118,0.2513
14.02,15.66,89.59,606.5,0.07966,0.05586,19.25,0.009213,14.91,19.31,96.53,688.9,0.1034,0.2136
10.97,17.2,71.73,371.5,0.08915,0.0664,18.15,0.0643,12.36,26.87,90.14,476.4,0.1391,0.254
17.27,25.42,112.4,928.8,0.08331,0.05407,58.38,0.04942,20.38,35.46,132.8,1284,0.1436,0.25
13.78,15.79,88.37,585.9,0.08817,0.05848,29.34,0.007741,15.27,17.5,97.9,706.6,0.1072,0.1859
10.57,18.32,66.82,340.9,0.08142,0.05768,13.12,0.01993,10.94,23.31,69.35,366.3,0.09794,0.2699
18.03,16.85,117.5,990,0.08947,0.0578,35.77,0.02975,20.38,22.02,133.3,1292,0.1263,0.2842
11.99,24.89,77.61,441.3,0.103,0.0685,19.39,0.02334,12.98,30.36,84.48,513.9,0.1311,0.2599
17.75,28.03,117.3,981.6,0.09997,0.05916,43.95,0.03697,21.53,38.54,145.4,1437,0.1401,0.2972
14.8,17.66,95.88,674.8,0.09179,0.05886,19.75,0.01758,16.43,22.74,105.9,829.5,0.1226,0.36
14.53,19.34,94.25,659.7,0.08388,0.05746,23.04,0.03379,16.3,28.39,108.1,830.5,0.1089,0.2471
21.1,20.52,138.1,1384,0.09684,0.05661,81.89,0.03185,25.68,32.07,168.2,2022,0.1368,0.2268
11.87,21.54,76.83,432,0.06613,0.06612,20.24,0.06663,12.79,28.18,83.51,507.2,0.09457,0.2305
19.59,25,127.7,1191,0.1032,0.05391,56.18,0.04907,21.44,30.96,139.8,1421,0.1528,0.2293
12,28.23,76.77,442.5,0.08437,0.06104,13.86,0.02941,13.09,37.88,85.07,523.7,0.1208,0.2447
14.53,13.98,93.86,644.2,0.1099,0.06121,25.7,0.01615,15.8,16.93,103.1,749.9,0.1347,0.2606
12.62,17.15,80.62,492.9,0.08583,0.05826,13.32,0.01256,14.34,22.15,91.62,633.5,0.1225,0.327
13.38,30.72,86.34,557.2,0.09245,0.06016,28.93,0.007936,15.05,41.61,96.69,705.6,0.1172,0.2196
11.63,29.29,74.87,415.1,0.09357,0.06166,23.13,0.04275,13.12,38.81,86.04,527.8,0.1406,0.2884
13.21,25.25,84.1,537.9,0.08791,0.05584,17.58,0.0151,14.35,34.23,91.29,632.9,0.1289,0.2444
13,25.13,82.61,520.2,0.08369,0.05449,21.19,0.005681,14.34,31.88,91.06,628.5,0.1218,0.2306
9.755,28.2,61.68,290.9,0.07984,0.05952,11.28,0.0145,10.67,36.92,68.03,349.9,0.111,0.2321
17.08,27.15,111.2,930.9,0.09898,0.06281,115.2,0.02721,22.96,34.49,152.1,1648,0.16,0.301
27.42,26.27,186.9,2501,0.1084,0.05623,542.2,0.08055,36.04,31.37,251.2,4254,0.1357,0.2641
14.4,26.99,92.25,646.1,0.06995,0.05433,20.52,0.01971,15.4,31.98,100.4,734.6,0.1017,0.2345
11.6,18.36,73.88,412.7,0.08508,0.05859,12.89,0.0208,12.77,24.02,82.68,495.1,0.1342,0.321
13.17,18.22,84.28,537.3,0.07466,0.05549,16.89,0.01564,14.9,23.89,95.1,687.6,0.1282,0.2235
13.24,20.13,86.87,542.9,0.08284,0.06432,23.81,0.07683,15.44,25.5,115,733.5,0.1201,0.2845
13.14,20.74,85.98,536.9,0.08675,0.0602,27.4,0.04615,14.8,25.46,100.9,689.1,0.1351,0.2563
9.668,18.1,61.06,286.3,0.08311,0.06412,20.98,0.01031,11.15,24.62,71.11,380.2,0.1388,0.3057
17.6,23.33,119,980.5,0.09289,0.07369,104.9,0.06591,21.57,28.87,143.6,1437,0.1207,0.2301
11.62,18.18,76.38,408.8,0.1175,0.07255,27.85,0.04961,13.36,25.4,88.14,528.1,0.178,0.266
9.667,18.49,61.49,289.1,0.08946,0.06413,22.73,0.02714,11.14,25.62,70.88,385.2,0.1234,0.3174
12.04,28.14,76.85,449.9,0.08752,0.05698,44.96,0.01465,13.6,33.33,87.24,567.6,0.1041,0.2404
14.92,14.93,96.45,686.9,0.08098,0.05669,23.31,0.0231,17.18,18.22,112,906.6,0.1065,0.2688
12.27,29.97,77.42,465.4,0.07699,0.0596,35.13,0,13.45,38.05,85.08,558.9,0.09422,0.2409
10.88,15.62,70.41,358.9,0.1007,0.06837,9.597,0.02757,11.94,19.35,80.78,433.1,0.1332,0.2581
12.83,15.73,82.89,506.9,0.0904,0.05913,11.64,0.03318,14.09,19.35,93.22,605.8,0.1326,0.3006
14.2,20.53,92.41,618.4,0.08931,0.06009,31.01,0.02821,16.45,27.26,112.1,828.5,0.1153,0.2534
13.9,16.62,88.97,599.4,0.06828,0.05536,14.03,0.009904,15.14,21.8,101.2,718.9,0.09384,0.2679
11.49,14.59,73.99,404.9,0.1046,0.06574,14.34,0.04156,12.4,21.9,82.04,467.6,0.1352,0.2941
16.25,19.51,109.8,815.8,0.1026,0.06578,33.12,0.08079,17.39,23.05,122.1,939.7,0.1377,0.3318
12.16,18.03,78.29,455.3,0.09087,0.06284,16.26,0.01397,13.34,27.87,88.83,547.4,0.1208,0.2406
13.9,19.24,88.73,602.9,0.07991,0.05594,28.41,0.0153,16.41,26.42,104.4,830.5,0.1064,0.2356
13.47,14.06,87.32,546.3,0.1071,0.06639,12.84,0.01334,14.83,18.32,94.94,660.2,0.1393,0.3227
13.7,17.64,87.76,571.1,0.0995,0.06088,20.64,0.01698,14.96,23.53,95.78,686.5,0.1199,0.2518
15.73,11.28,102.8,747.2,0.1043,0.06259,13.87,0.03336,17.01,14.2,112.5,854.3,0.1541,0.2557
12.45,16.41,82.85,476.7,0.09514,0.07325,30.19,0.1114,13.78,21.03,97.82,580.6,0.1175,0.3231
14.64,16.85,94.21,666,0.08641,0.05355,19.98,0.018,16.46,25.44,106,831,0.1142,0.2455
19.44,18.82,128.1,1167,0.1089,0.06115,67.74,0.04256,23.96,30.39,153.9,1740,0.1514,0.3266
11.68,16.17,75.49,420.5,0.1128,0.06401,27.57,0.01851,13.32,21.59,86.57,549.8,0.1526,0.2804
16.69,20.2,107.1,857.6,0.07497,0.05325,22.95,0.01423,19.18,26.56,127.3,1084,0.1009,0.4677
12.25,22.44,78.18,466.5,0.08192,0.05976,18.04,0.00941,14.17,31.99,92.74,622.9,0.1256,0.31
17.85,13.23,114.6,992.1,0.07838,0.05243,50.95,0.01153,19.82,18.42,127.1,1210,0.09862,0.1783
18.01,20.56,118.4,1007,0.1001,0.06077,89.74,0.03737,21.53,26.06,143.4,1426,0.1309,0.3251
12.46,12.83,78.83,477.3,0.07372,0.06013,24.6,0.006416,13.19,16.36,83.24,534,0.09439,0.228
13.16,20.54,84.06,538.7,0.07335,0.05888,26.07,0.01341,14.5,28.46,95.29,648.3,0.1118,0.2687
14.87,20.21,96.12,680.9,0.09587,0.05748,21.84,0.02153,16.01,28.48,103.9,783.6,0.1216,0.2369
12.65,18.17,82.69,485.6,0.1076,0.06854,18.4,0.02636,14.38,22.15,95.29,633.7,0.1533,0.323
12.47,17.31,80.45,480.1,0.08928,0.06046,11.91,0.01346,14.06,24.34,92.82,607.3,0.1276,0.3035
18.49,17.52,121.3,1068,0.1012,0.06697,95.77,0.04435,22.75,22.88,146.4,1600,0.1412,0.251
20.59,21.24,137.8,1320,0.1085,0.06222,75.09,0.04062,23.86,30.76,163.2,1760,0.1464,0.248
15.04,16.74,98.73,689.4,0.09883,0.06869,34.84,0.01996,16.76,20.43,109.7,856.9,0.1135,0.2177
13.82,24.49,92.33,595.9,0.1162,0.07237,39.05,0.03476,16.01,32.94,106,788,0.1794,0.3651
12.54,16.32,81.25,476.3,0.1158,0.06612,18.49,0.02575,13.57,21.4,86.67,552,0.158,0.3155
23.09,19.83,152.1,1682,0.09342,0.05484,180.2,0.03976,30.79,23.87,211.5,2782,0.1199,0.2908
9.268,12.87,61.49,248.7,0.1634,0.09502,20.04,0.03483,10.28,16.38,69.05,300.2,0.1902,0.3038
9.676,13.14,64.12,272.5,0.1255,0.09575,17.67,0.05189,10.6,18.04,69.47,328.1,0.2006,0.2848
12.22,20.04,79.47,453.1,0.1096,0.06894,12.58,0.03966,13.16,24.17,85.13,515.3,0.1402,0.2709
11.06,17.12,71.25,366.5,0.1194,0.07976,12.3,0.018,11.69,20.74,76.08,411.1,0.1662,0.278
16.3,15.7,104.7,819.8,0.09427,0.05657,20.67,0.0247,17.32,17.76,109.8,928.2,0.1354,0.23
15.46,23.95,103.8,731.3,0.1183,0.07083,32.52,0.06019,17.11,36.33,117.7,909.4,0.1732,0.3013
11.74,14.69,76.31,426,0.08099,0.06758,13.04,0.04017,12.45,17.6,81.25,473.8,0.1073,0.2604
14.81,14.7,94.66,680.7,0.08472,0.05348,20.72,0.01482,15.61,17.58,101.7,760.2,0.1139,0.2334
13.4,20.52,88.64,556.7,0.1106,0.07325,33.67,0.03452,16.41,29.66,113.3,844.4,0.1574,0.3585
14.58,13.66,94.29,658.8,0.09832,0.0564,37.11,0.03035,16.76,17.24,108.5,862,0.1223,0.2626
15.05,19.07,97.26,701.9,0.09215,0.05915,38.49,0.02967,17.58,28.06,113.8,967,0.1246,0.2282
11.34,18.61,72.76,391.2,0.1049,0.06211,18.19,0.02099,12.47,23.03,79.15,478.6,0.1483,0.306
18.31,20.58,120.8,1052,0.1068,0.05941,67.36,0.02913,21.86,26.2,142.2,1493,0.1492,0.3074
19.89,20.26,130.5,1214,0.1037,0.06188,59.7,0.03052,23.73,25.23,160.5,1646,0.1417,0.2549
12.88,18.22,84.45,493.1,0.1218,0.07253,34.37,0.01405,15.05,24.37,99.31,674.7,0.1456,0.2582
12.75,16.7,82.51,493.8,0.1125,0.06623,28.62,0.01977,14.45,21.74,93.63,624.1,0.1475,0.3071
9.295,13.9,59.96,257.8,0.1371,0.07696,19.63,0.02197,10.57,17.84,67.84,326.6,0.185,0.3681
24.63,21.6,165.5,1841,0.103,0.06739,139.9,0.03571,29.92,26.93,205.7,2642,0.1342,0.3157
11.26,19.83,71.3,388.1,0.08511,0.06343,9.332,0.003846,11.93,26.43,76.38,435.9,0.1108,0.2557
13.71,18.68,88.73,571,0.09916,0.06843,26.45,0.02086,15.11,25.63,99.43,701.9,0.1425,0.2849
9.847,15.68,63,293.2,0.09492,0.06891,15.24,0.01062,11.24,22.99,74.32,376.5,0.1419,0.2502
8.571,13.1,54.53,221.3,0.1036,0.07126,7.254,0.01801,9.473,18.45,63.3,275.6,0.1641,0.2983
13.46,18.75,87.44,551.1,0.1075,0.06317,16.07,0.01509,15.35,25.16,101.9,719.8,0.1624,0.3518
12.34,12.27,78.94,468.5,0.09003,0.05808,8.955,0.008732,13.61,19.27,87.22,564.9,0.1292,0.311
13.94,13.17,90.31,594.2,0.1248,0.06457,44.74,0.04763,14.62,15.38,94.52,653.3,0.1394,0.216
12.07,13.44,77.83,445.2,0.11,0.06608,18.54,0.01798,13.45,15.77,86.92,549.9,0.1521,0.2781
11.75,17.56,75.89,422.9,0.1073,0.06677,30.66,0.01737,13.5,27.98,88.52,552.3,0.1349,0.2478
11.67,20.02,75.21,416.2,0.1016,0.06461,15.34,0.0184,13.35,28.81,87,550.6,0.155,0.3206
13.68,16.33,87.76,575.5,0.09277,0.06155,17.25,0.007078,15.85,20.2,101.6,773.4,0.1264,0.2806
20.47,20.67,134.7,1299,0.09156,0.05419,100.4,0.04093,23.23,27.15,152,1645,0.1097,0.322
10.96,17.62,70.79,365.6,0.09687,0.06408,10.09,0.04401,11.62,26.51,76.43,407.5,0.1428,0.2289
20.55,20.86,137.8,1308,0.1046,0.06251,87.78,0.04005,24.3,25.48,160.2,1809,0.1268,0.3077
14.27,22.55,93.77,629.8,0.1038,0.05982,18.54,0.04645,15.29,34.27,104.3,728.3,0.138,0.2698
11.69,24.44,76.37,406.4,0.1236,0.07405,20.95,0.01865,12.98,32.19,86.12,487.7,0.1768,0.2803
7.729,25.49,47.98,178.8,0.08098,0.07285,19.14,0,9.077,30.92,57.17,248,0.1256,0.3058
7.691,25.44,48.34,170.4,0.08668,0.07751,11.73,0.09252,8.678,31.89,54.49,223.6,0.1596,0.279
11.54,14.44,74.65,402.9,0.09984,0.06782,20.86,0.05553,12.26,19.68,78.78,457.8,0.1345,0.2329
14.47,24.99,95.81,656.4,0.08837,0.06341,23.11,0.03829,16.22,31.73,113.5,808.9,0.134,0.3187
14.74,25.42,94.7,668.6,0.08275,0.0568,27.41,0.01947,16.51,32.29,107.4,826.4,0.106,0.2722
13.21,28.06,84.88,538.4,0.08671,0.05781,17.85,0.01498,14.37,37.17,92.48,629.6,0.1072,0.2473
13.87,20.7,89.77,584.8,0.09578,0.06688,23.12,0.02615,15.05,24.75,99.17,688.6,0.1264,0.2249
13.62,23.23,87.19,573.2,0.09246,0.05801,31.24,0.02021,15.35,29.09,97.58,729.8,0.1216,0.2642
10.32,16.35,65.31,324.9,0.09434,0.06201,12.97,0.01012,11.25,21.77,71.12,384.9,0.1285,0.2681
10.26,16.58,65.85,320.8,0.08877,0.06714,7.326,0.02613,10.83,22.04,71.08,357.4,0.1461,0.2691
9.683,19.34,61.05,285.7,0.08491,0.06235,18.24,0.02337,10.93,25.59,69.1,364.2,0.1199,0.2552
10.82,24.21,68.89,361.6,0.08192,0.06328,33,0.01277,13.03,31.45,83.9,505.6,0.1204,0.3059
10.86,21.48,68.51,360.5,0.07431,0.05948,20.67,0,11.66,24.77,74.08,412.3,0.1001,0.2458
11.13,22.44,71.49,378.4,0.09566,0.06552,17.85,0.03445,12.02,28.26,77.8,436.6,0.1087,0.3169
12.77,29.43,81.35,507.9,0.08276,0.05637,18.76,0.01328,13.87,36,88.1,594.7,0.1234,0.2407
9.333,21.94,59.01,264,0.0924,0.06576,17.86,0.03996,9.845,25.05,62.86,295.8,0.1103,0.2435
12.88,28.92,82.5,514.3,0.08123,0.05708,16.83,0.03898,13.89,35.74,88.84,595.7,0.1227,0.2372
10.29,27.61,65.67,321.4,0.0903,0.06127,14.46,0.04804,10.84,34.91,69.57,357.6,0.1384,0.2226
10.16,19.59,64.73,311.7,0.1003,0.06331,16.8,0.004174,10.65,22.88,67.88,347.3,0.1265,0.2262
9.423,27.88,59.26,271.3,0.08123,0.06059,29.11,0,10.49,34.24,66.5,330.6,0.1073,0.2475
14.59,22.68,96.39,657.1,0.08473,0.06147,19.54,0.06578,15.48,27.27,105.9,733.5,0.1026,0.2258
11.51,23.93,74.52,403.5,0.09261,0.0657,16.97,0.05738,12.48,37.16,82.28,474.2,0.1298,0.2112
14.05,27.15,91.38,600.4,0.09929,0.06171,29.84,0.02071,15.3,33.17,100.2,706.7,0.1241,0.225
11.2,29.37,70.67,386,0.07449,0.05502,22.81,0,11.92,38.3,75.19,439.6,0.09267,0.1566
15.22,30.62,103.4,716.9,0.1048,0.07152,22.65,0.07359,17.52,42.79,128.7,915,0.1417,0.4089
20.92,25.09,143,1347,0.1099,0.06879,118.8,0.07845,24.29,29.41,179.1,1819,0.1407,0.2929
21.56,22.39,142,1479,0.111,0.05623,158.7,0.05198,25.45,26.4,166.1,2027,0.141,0.206
20.13,28.25,131.2,1261,0.0978,0.05533,99.04,0.0395,23.69,38.25,155,1731,0.1166,0.2572
16.6,28.08,108.3,858.1,0.08455,0.05648,48.55,0.0473,18.98,34.12,126.7,1124,0.1139,0.2218
20.6,29.33,140.1,1265,0.1178,0.07016,86.22,0.07117,25.74,39.42,184.6,1821,0.165,0.4087
7.76,24.54,47.92,181,0.05263,0.05884,19.15,0,9.456,30.37,59.16,268.6,0.08996,0.2871
